interactions_id,user_id,item_id,interaction_type,timestamp
1,35,294,view,2025-08-04 02:29:57
2,64,128,view,2025-07-17 02:29:57
3,95,253,comment,2025-07-18 02:29:57
4,60,191,view,2025-07-23 02:29:57
5,88,116,view,2025-08-12 02:29:57
6,99,21,like,2025-08-08 02:29:57
7,10,333,view,2025-07-30 02:29:57
8,5,262,report,2025-07-19 02:29:57
9,65,469,view,2025-07-27 02:29:57
10,27,131,view,2025-08-09 02:29:57
11,8,90,view,2025-08-15 02:29:57
12,89,228,view,2025-08-03 02:29:57
13,50,471,view,2025-08-15 02:29:57
14,94,434,view,2025-07-16 02:29:57
15,80,52,view,2025-07-31 02:29:57
16,47,55,view,2025-07-21 02:29:57
17,50,64,like,2025-08-14 02:29:57
18,20,410,comment,2025-07-26 02:29:57
19,82,94,view,2025-08-10 02:29:57
20,54,171,comment,2025-08-11 02:29:57
21,10,270,view,2025-07-29 02:29:57
22,84,467,view,2025-07-21 02:29:57
23,28,343,comment,2025-07-26 02:29:57
24,18,19,comment,2025-08-06 02:29:57
25,39,80,view,2025-08-04 02:29:57
26,69,258,view,2025-07-20 02:29:57
27,66,81,comment,2025-08-04 02:29:57
28,9,156,view,2025-07-23 02:29:57
29,76,105,view,2025-08-14 02:29:57
30,15,419,view,2025-08-06 02:29:57
31,2,93,comment,2025-07-30 02:29:57
32,36,128,comment,2025-08-10 02:29:57
33,14,122,view,2025-08-10 02:29:57
34,55,416,view,2025-08-03 02:29:57
35,13,350,view,2025-08-03 02:29:57
36,37,205,view,2025-08-07 02:29:57
37,76,55,comment,2025-07-16 02:29:57
38,98,436,view,2025-08-15 02:29:57
39,94,456,like,2025-08-02 02:29:57
40,12,55,view,2025-08-12 02:29:57
41,90,14,view,2025-08-01 02:29:57
42,57,303,like,2025-07-19 02:29:57
43,6,467,view,2025-07-17 02:29:57
44,55,361,view,2025-07-18 02:29:57
45,39,47,view,2025-08-14 02:29:57
46,96,424,view,2025-07-30 02:29:57
47,36,392,like,2025-08-08 02:29:57
48,44,296,view,2025-08-01 02:29:57
49,78,447,view,2025-08-15 02:29:57
50,77,123,like,2025-07-22 02:29:57
51,73,444,view,2025-08-02 02:29:57
52,87,384,view,2025-08-13 02:29:57
53,13,497,view,2025-07-17 02:29:57
54,90,173,like,2025-08-07 02:29:57
55,2,447,view,2025-08-06 02:29:57
56,88,397,like,2025-08-02 02:29:57
57,76,448,view,2025-07-16 02:29:57
58,32,386,view,2025-07-16 02:29:57
59,28,83,report,2025-07-20 02:29:57
60,3,284,view,2025-08-11 02:29:57
61,73,488,view,2025-07-23 02:29:57
62,26,245,view,2025-08-14 02:29:57
63,41,425,view,2025-08-01 02:29:57
64,11,211,view,2025-07-25 02:29:57
65,14,493,view,2025-08-02 02:29:57
66,25,1,view,2025-08-12 02:29:57
67,41,477,view,2025-07-22 02:29:57
68,92,470,view,2025-08-12 02:29:57
69,46,167,comment,2025-08-03 02:29:57
70,59,434,view,2025-08-10 02:29:57
71,54,124,like,2025-08-10 02:29:57
72,14,48,view,2025-08-01 02:29:57
73,40,295,view,2025-08-02 02:29:57
74,45,156,view,2025-07-17 02:29:57
75,25,254,view,2025-08-04 02:29:57
76,99,68,comment,2025-08-13 02:29:57
77,32,413,view,2025-08-14 02:29:57
78,1,342,view,2025-08-05 02:29:57
79,71,7,like,2025-07-19 02:29:57
80,81,170,view,2025-08-02 02:29:57
81,53,469,view,2025-08-02 02:29:57
82,17,358,view,2025-08-01 02:29:57
83,83,185,view,2025-08-02 02:29:57
84,68,146,view,2025-07-17 02:29:57
85,82,210,view,2025-08-01 02:29:57
86,14,211,view,2025-07-23 02:29:57
87,1,180,comment,2025-08-08 02:29:57
88,52,113,view,2025-07-25 02:29:57
89,76,302,view,2025-08-07 02:29:57
90,1,332,view,2025-08-10 02:29:57
91,87,265,view,2025-07-23 02:29:57
92,42,171,view,2025-08-06 02:29:57
93,46,103,view,2025-07-24 02:29:57
94,96,449,report,2025-08-03 02:29:57
95,47,363,comment,2025-08-12 02:29:57
96,83,494,view,2025-08-12 02:29:57
97,23,425,view,2025-07-23 02:29:57
98,75,55,view,2025-07-22 02:29:57
99,39,269,view,2025-08-14 02:29:57
100,30,492,view,2025-07-17 02:29:57
101,39,243,like,2025-07-29 02:29:57
102,95,420,view,2025-07-28 02:29:57
103,25,357,view,2025-07-17 02:29:57
104,60,126,view,2025-08-15 02:29:57
105,13,397,view,2025-07-23 02:29:57
106,82,240,view,2025-07-21 02:29:57
107,50,492,view,2025-07-25 02:29:57
108,3,431,view,2025-08-01 02:29:57
109,95,399,view,2025-07-30 02:29:57
110,90,1,view,2025-07-19 02:29:57
111,40,297,view,2025-08-11 02:29:57
112,30,242,view,2025-08-07 02:29:57
113,81,315,view,2025-07-17 02:29:57
114,84,48,view,2025-07-26 02:29:57
115,96,122,view,2025-07-23 02:29:57
116,6,280,view,2025-07-21 02:29:57
117,14,4,comment,2025-07-20 02:29:57
118,56,111,view,2025-08-13 02:29:57
119,7,100,view,2025-07-20 02:29:57
120,26,85,like,2025-07-22 02:29:57
121,55,451,view,2025-08-05 02:29:57
122,69,51,view,2025-07-18 02:29:57
123,34,106,like,2025-08-11 02:29:57
124,84,109,view,2025-07-23 02:29:57
125,10,267,view,2025-07-25 02:29:57
126,44,356,view,2025-08-06 02:29:57
127,56,202,view,2025-08-04 02:29:57
128,51,310,view,2025-07-24 02:29:57
129,72,214,comment,2025-07-20 02:29:57
130,13,121,like,2025-08-04 02:29:57
131,22,182,view,2025-08-04 02:29:57
132,2,157,view,2025-08-14 02:29:57
133,61,156,view,2025-07-25 02:29:57
134,43,12,view,2025-08-03 02:29:57
135,48,178,view,2025-07-27 02:29:57
136,75,279,comment,2025-08-08 02:29:57
137,58,161,view,2025-08-01 02:29:57
138,6,128,view,2025-07-28 02:29:57
139,83,74,view,2025-07-19 02:29:57
140,94,154,view,2025-07-18 02:29:57
141,92,310,view,2025-07-17 02:29:57
142,89,401,view,2025-08-01 02:29:57
143,84,148,like,2025-07-21 02:29:57
144,81,89,view,2025-07-27 02:29:57
145,98,72,view,2025-07-22 02:29:57
146,67,223,view,2025-08-14 02:29:57
147,27,154,like,2025-07-24 02:29:57
148,74,254,like,2025-08-08 02:29:57
149,28,384,view,2025-07-26 02:29:57
150,57,24,like,2025-08-05 02:29:57
151,82,145,view,2025-07-28 02:29:57
152,47,189,comment,2025-07-31 02:29:57
153,2,54,view,2025-08-15 02:29:57
154,41,274,like,2025-08-07 02:29:57
155,91,9,view,2025-07-16 02:29:57
156,48,456,report,2025-08-07 02:29:57
157,27,439,view,2025-07-17 02:29:57
158,61,245,view,2025-07-20 02:29:57
159,27,235,view,2025-07-29 02:29:57
160,3,215,view,2025-07-28 02:29:57
161,61,299,view,2025-07-23 02:29:57
162,48,347,like,2025-07-19 02:29:57
163,58,281,view,2025-07-23 02:29:57
164,86,367,view,2025-07-17 02:29:57
165,9,67,view,2025-08-03 02:29:57
166,78,161,view,2025-07-21 02:29:57
167,77,109,like,2025-08-01 02:29:57
168,43,430,comment,2025-08-01 02:29:57
169,31,424,view,2025-08-06 02:29:57
170,17,240,like,2025-07-22 02:29:57
171,91,17,view,2025-07-16 02:29:57
172,64,198,comment,2025-07-21 02:29:57
173,63,117,view,2025-07-27 02:29:57
174,24,451,like,2025-07-26 02:29:57
175,21,166,view,2025-07-17 02:29:57
176,33,497,like,2025-08-05 02:29:57
177,33,264,view,2025-07-24 02:29:57
178,59,260,view,2025-07-29 02:29:57
179,50,213,view,2025-08-11 02:29:57
180,38,246,view,2025-07-31 02:29:57
181,28,158,view,2025-07-21 02:29:57
182,30,44,view,2025-07-31 02:29:57
183,50,416,view,2025-07-28 02:29:57
184,96,143,view,2025-07-28 02:29:57
185,76,4,view,2025-07-22 02:29:57
186,59,440,view,2025-07-28 02:29:57
187,84,140,comment,2025-08-11 02:29:57
188,81,235,view,2025-07-24 02:29:57
189,30,365,view,2025-07-24 02:29:57
190,29,267,view,2025-07-22 02:29:57
191,16,372,view,2025-08-09 02:29:57
192,60,182,view,2025-08-13 02:29:57
193,75,464,view,2025-08-13 02:29:57
194,40,223,like,2025-08-14 02:29:57
195,38,113,view,2025-07-21 02:29:57
196,82,267,view,2025-08-01 02:29:57
197,32,129,view,2025-08-06 02:29:57
198,28,120,comment,2025-08-11 02:29:57
199,95,163,view,2025-08-09 02:29:57
200,32,429,comment,2025-08-09 02:29:57
201,92,270,like,2025-08-04 02:29:57
202,68,139,view,2025-08-06 02:29:57
203,60,4,view,2025-07-31 02:29:57
204,67,482,view,2025-08-15 02:29:57
205,23,174,view,2025-07-31 02:29:57
206,11,490,view,2025-08-14 02:29:57
207,49,229,like,2025-08-06 02:29:57
208,1,458,view,2025-08-09 02:29:57
209,38,391,view,2025-08-08 02:29:57
210,46,224,view,2025-07-25 02:29:57
211,51,298,view,2025-08-01 02:29:57
212,76,419,view,2025-08-07 02:29:57
213,5,366,like,2025-07-30 02:29:57
214,71,464,view,2025-08-07 02:29:57
215,49,12,view,2025-07-18 02:29:57
216,12,137,view,2025-08-09 02:29:57
217,67,354,view,2025-07-23 02:29:57
218,62,321,view,2025-08-07 02:29:57
219,68,236,view,2025-07-16 02:29:57
220,21,329,view,2025-07-29 02:29:57
221,21,418,comment,2025-07-24 02:29:57
222,97,181,view,2025-08-15 02:29:57
223,55,27,view,2025-08-06 02:29:57
224,32,202,view,2025-07-22 02:29:57
225,3,199,like,2025-08-08 02:29:57
226,34,115,view,2025-08-12 02:29:57
227,70,379,comment,2025-08-02 02:29:57
228,96,58,view,2025-07-19 02:29:57
229,7,89,view,2025-08-10 02:29:57
230,45,467,view,2025-08-04 02:29:57
231,7,209,view,2025-07-20 02:29:57
232,15,33,view,2025-07-19 02:29:57
233,71,137,view,2025-07-17 02:29:57
234,83,211,like,2025-08-13 02:29:57
235,88,412,comment,2025-07-30 02:29:57
236,48,230,view,2025-08-07 02:29:57
237,69,476,view,2025-07-19 02:29:57
238,48,170,comment,2025-07-24 02:29:57
239,86,453,view,2025-08-15 02:29:57
240,4,222,view,2025-08-10 02:29:57
241,75,409,view,2025-08-15 02:29:57
242,57,34,view,2025-08-13 02:29:57
243,70,29,like,2025-07-18 02:29:57
244,76,224,view,2025-08-05 02:29:57
245,73,427,comment,2025-08-05 02:29:57
246,68,23,view,2025-08-02 02:29:57
247,58,465,view,2025-07-27 02:29:57
248,35,199,like,2025-07-22 02:29:57
249,20,498,view,2025-08-03 02:29:57
250,92,82,view,2025-08-10 02:29:57
251,58,483,view,2025-08-01 02:29:57
252,55,46,view,2025-07-20 02:29:57
253,96,318,like,2025-08-14 02:29:57
254,19,3,view,2025-08-07 02:29:57
255,90,238,like,2025-07-23 02:29:57
256,8,421,view,2025-08-03 02:29:57
257,70,434,view,2025-08-03 02:29:57
258,82,302,view,2025-07-17 02:29:57
259,77,397,view,2025-07-18 02:29:57
260,99,96,like,2025-07-17 02:29:57
261,3,305,view,2025-08-06 02:29:57
262,86,383,like,2025-08-12 02:29:57
263,28,89,report,2025-08-02 02:29:57
264,13,234,view,2025-07-17 02:29:57
265,52,406,view,2025-08-07 02:29:57
266,39,10,like,2025-08-12 02:29:57
267,81,367,view,2025-08-06 02:29:57
268,68,127,like,2025-08-03 02:29:57
269,13,227,view,2025-08-12 02:29:57
270,45,459,view,2025-07-16 02:29:57
271,88,476,view,2025-08-01 02:29:57
272,15,43,view,2025-08-10 02:29:57
273,81,215,like,2025-08-03 02:29:57
274,90,184,comment,2025-07-22 02:29:57
275,96,423,view,2025-07-29 02:29:57
276,100,181,view,2025-08-02 02:29:57
277,35,416,view,2025-08-14 02:29:57
278,42,432,view,2025-08-03 02:29:57
279,79,173,view,2025-07-16 02:29:57
280,92,212,view,2025-07-17 02:29:57
281,6,278,view,2025-07-29 02:29:57
282,28,363,like,2025-08-13 02:29:57
283,85,86,view,2025-07-31 02:29:57
284,97,221,comment,2025-08-07 02:29:57
285,22,158,view,2025-08-02 02:29:57
286,6,457,view,2025-08-01 02:29:57
287,65,122,view,2025-08-13 02:29:57
288,65,277,view,2025-07-25 02:29:57
289,23,132,view,2025-08-13 02:29:57
290,69,487,view,2025-08-05 02:29:57
291,18,97,like,2025-07-20 02:29:57
292,5,202,comment,2025-08-01 02:29:57
293,72,84,view,2025-08-05 02:29:57
294,18,469,like,2025-07-20 02:29:57
295,51,438,view,2025-08-11 02:29:57
296,99,155,view,2025-07-23 02:29:57
297,57,319,like,2025-07-30 02:29:57
298,71,317,view,2025-07-25 02:29:57
299,37,135,view,2025-08-06 02:29:57
300,98,186,view,2025-08-14 02:29:57
301,67,125,view,2025-08-11 02:29:57
302,80,67,like,2025-07-23 02:29:57
303,14,463,view,2025-07-17 02:29:57
304,88,97,view,2025-07-25 02:29:57
305,46,110,like,2025-07-24 02:29:57
306,14,275,view,2025-08-08 02:29:57
307,99,139,view,2025-08-04 02:29:57
308,71,371,like,2025-08-02 02:29:57
309,8,470,view,2025-08-05 02:29:57
310,64,418,view,2025-08-01 02:29:57
311,74,140,comment,2025-08-05 02:29:57
312,56,286,view,2025-08-09 02:29:57
313,34,321,like,2025-07-23 02:29:57
314,58,379,view,2025-08-13 02:29:57
315,41,82,view,2025-08-15 02:29:57
316,89,392,view,2025-08-04 02:29:57
317,93,95,view,2025-07-17 02:29:57
318,72,41,view,2025-08-15 02:29:57
319,94,425,view,2025-08-14 02:29:57
320,34,82,view,2025-07-20 02:29:57
321,59,199,like,2025-08-03 02:29:57
322,42,476,view,2025-07-20 02:29:57
323,57,312,view,2025-08-03 02:29:57
324,22,377,like,2025-08-05 02:29:57
325,73,496,view,2025-07-25 02:29:57
326,49,343,view,2025-08-14 02:29:57
327,26,28,view,2025-08-09 02:29:57
328,21,139,view,2025-08-14 02:29:57
329,7,282,view,2025-08-06 02:29:57
330,58,108,view,2025-07-17 02:29:57
331,2,488,view,2025-07-31 02:29:57
332,43,199,view,2025-08-02 02:29:57
333,71,11,view,2025-07-25 02:29:57
334,25,247,like,2025-07-21 02:29:57
335,21,335,view,2025-08-02 02:29:57
336,2,151,like,2025-08-11 02:29:57
337,31,416,view,2025-07-18 02:29:57
338,81,29,comment,2025-08-08 02:29:57
339,90,362,view,2025-08-01 02:29:57
340,1,456,comment,2025-07-29 02:29:57
341,9,172,like,2025-08-15 02:29:57
342,89,210,view,2025-07-25 02:29:57
343,15,491,view,2025-08-03 02:29:57
344,8,444,like,2025-07-22 02:29:57
345,68,411,view,2025-08-10 02:29:57
346,73,114,view,2025-07-25 02:29:57
347,72,363,comment,2025-07-24 02:29:57
348,90,17,view,2025-08-08 02:29:57
349,74,8,view,2025-07-20 02:29:57
350,43,46,view,2025-08-05 02:29:57
351,82,292,view,2025-08-14 02:29:57
352,14,85,view,2025-07-26 02:29:57
353,26,443,view,2025-08-01 02:29:57
354,32,60,view,2025-07-21 02:29:57
355,11,283,view,2025-08-03 02:29:57
356,63,306,view,2025-07-22 02:29:57
357,29,108,view,2025-07-22 02:29:57
358,75,264,comment,2025-07-31 02:29:57
359,43,465,view,2025-08-13 02:29:57
360,42,405,view,2025-08-07 02:29:57
361,51,376,view,2025-08-13 02:29:57
362,46,479,view,2025-08-01 02:29:57
363,48,241,view,2025-08-13 02:29:57
364,48,240,view,2025-07-30 02:29:57
365,24,348,view,2025-08-07 02:29:57
366,7,483,like,2025-08-10 02:29:57
367,80,74,like,2025-07-27 02:29:57
368,57,298,comment,2025-07-25 02:29:57
369,49,237,view,2025-08-04 02:29:57
370,85,362,view,2025-08-10 02:29:57
371,44,345,view,2025-07-21 02:29:57
372,47,346,view,2025-07-20 02:29:57
373,51,90,view,2025-08-05 02:29:57
374,35,69,view,2025-07-19 02:29:57
375,10,430,report,2025-07-26 02:29:57
376,32,246,view,2025-08-05 02:29:57
377,54,104,view,2025-07-25 02:29:57
378,23,484,view,2025-07-31 02:29:57
379,73,137,comment,2025-07-30 02:29:57
380,16,129,view,2025-07-31 02:29:57
381,46,464,like,2025-07-16 02:29:57
382,46,500,view,2025-07-24 02:29:57
383,33,190,view,2025-08-08 02:29:57
384,85,476,view,2025-07-17 02:29:57
385,34,338,view,2025-07-25 02:29:57
386,58,451,view,2025-08-08 02:29:57
387,63,187,view,2025-07-17 02:29:57
388,77,222,view,2025-08-02 02:29:57
389,63,3,like,2025-08-12 02:29:57
390,36,153,comment,2025-07-25 02:29:57
391,16,25,view,2025-08-10 02:29:57
392,68,217,like,2025-07-24 02:29:57
393,14,412,view,2025-07-26 02:29:57
394,44,430,view,2025-08-02 02:29:57
395,54,345,view,2025-07-30 02:29:57
396,97,372,view,2025-07-17 02:29:57
397,99,16,like,2025-08-02 02:29:57
398,56,54,like,2025-08-12 02:29:57
399,28,49,view,2025-08-10 02:29:57
400,71,26,view,2025-08-12 02:29:57
401,68,261,like,2025-08-09 02:29:57
402,47,225,view,2025-07-17 02:29:57
403,100,425,view,2025-08-13 02:29:57
404,44,326,like,2025-08-15 02:29:57
405,98,192,view,2025-08-01 02:29:57
406,100,375,view,2025-08-03 02:29:57
407,75,157,view,2025-08-15 02:29:57
408,21,234,view,2025-08-10 02:29:57
409,57,394,view,2025-07-27 02:29:57
410,95,252,view,2025-08-01 02:29:57
411,82,56,view,2025-08-04 02:29:57
412,15,486,like,2025-07-29 02:29:57
413,14,258,like,2025-08-03 02:29:57
414,92,478,view,2025-08-08 02:29:57
415,41,239,view,2025-08-12 02:29:57
416,5,363,like,2025-08-09 02:29:57
417,65,470,view,2025-08-15 02:29:57
418,76,155,view,2025-07-30 02:29:57
419,19,128,view,2025-07-23 02:29:57
420,5,260,view,2025-08-05 02:29:57
421,44,361,view,2025-07-21 02:29:57
422,90,462,comment,2025-07-26 02:29:57
423,99,232,view,2025-08-09 02:29:57
424,68,303,view,2025-08-11 02:29:57
425,56,437,view,2025-07-23 02:29:57
426,50,381,like,2025-08-09 02:29:57
427,79,279,like,2025-08-13 02:29:57
428,2,193,view,2025-08-03 02:29:57
429,1,37,view,2025-08-04 02:29:57
430,34,426,view,2025-07-23 02:29:57
431,33,107,like,2025-07-28 02:29:57
432,24,24,like,2025-07-31 02:29:57
433,45,227,view,2025-07-22 02:29:57
434,28,377,view,2025-07-18 02:29:57
435,13,18,view,2025-08-04 02:29:57
436,95,128,view,2025-08-11 02:29:57
437,61,18,view,2025-07-21 02:29:57
438,44,351,view,2025-08-12 02:29:57
439,26,245,view,2025-08-15 02:29:57
440,66,339,like,2025-08-15 02:29:57
441,36,302,view,2025-07-23 02:29:57
442,5,46,view,2025-07-21 02:29:57
443,48,56,view,2025-07-21 02:29:57
444,91,182,view,2025-08-13 02:29:57
445,41,219,comment,2025-08-11 02:29:57
446,56,38,view,2025-08-02 02:29:57
447,61,182,comment,2025-07-31 02:29:57
448,42,315,view,2025-08-14 02:29:57
449,92,280,view,2025-07-25 02:29:57
450,72,36,view,2025-08-01 02:29:57
451,70,327,view,2025-08-13 02:29:57
452,68,365,view,2025-07-29 02:29:57
453,98,68,view,2025-08-14 02:29:57
454,50,487,view,2025-07-30 02:29:57
455,17,370,view,2025-07-28 02:29:57
456,57,470,view,2025-08-07 02:29:57
457,14,2,comment,2025-08-01 02:29:57
458,46,79,view,2025-08-08 02:29:57
459,39,113,view,2025-07-21 02:29:57
460,46,112,like,2025-07-27 02:29:57
461,31,200,comment,2025-08-15 02:29:57
462,81,154,like,2025-08-11 02:29:57
463,21,85,view,2025-07-31 02:29:57
464,58,475,comment,2025-08-14 02:29:57
465,25,210,view,2025-07-30 02:29:57
466,16,472,like,2025-08-13 02:29:57
467,9,132,view,2025-07-26 02:29:57
468,47,433,comment,2025-08-09 02:29:57
469,98,442,view,2025-07-17 02:29:57
470,45,143,view,2025-08-10 02:29:57
471,86,78,view,2025-08-07 02:29:57
472,29,230,view,2025-07-28 02:29:57
473,56,458,view,2025-08-03 02:29:57
474,21,324,comment,2025-07-19 02:29:57
475,99,286,report,2025-07-29 02:29:57
476,95,105,view,2025-08-15 02:29:57
477,51,284,view,2025-08-03 02:29:57
478,17,49,like,2025-07-18 02:29:57
479,13,346,view,2025-07-21 02:29:57
480,97,437,view,2025-07-29 02:29:57
481,22,421,view,2025-08-01 02:29:57
482,4,43,view,2025-08-07 02:29:57
483,81,355,view,2025-07-27 02:29:57
484,74,317,comment,2025-08-02 02:29:57
485,98,84,view,2025-08-03 02:29:57
486,31,258,view,2025-08-09 02:29:57
487,89,473,view,2025-07-24 02:29:57
488,37,424,view,2025-07-27 02:29:57
489,7,500,view,2025-07-21 02:29:57
490,57,227,view,2025-08-06 02:29:57
491,51,101,like,2025-08-13 02:29:57
492,39,363,view,2025-07-30 02:29:57
493,13,247,view,2025-07-31 02:29:57
494,62,452,view,2025-07-26 02:29:57
495,65,213,view,2025-07-29 02:29:57
496,35,152,view,2025-08-01 02:29:57
497,53,302,view,2025-08-06 02:29:57
498,54,291,view,2025-08-14 02:29:57
499,81,484,view,2025-07-20 02:29:57
500,76,370,like,2025-07-19 02:29:57
501,73,422,view,2025-07-18 02:29:57
502,52,210,like,2025-08-15 02:29:57
503,83,47,like,2025-07-19 02:29:57
504,38,262,view,2025-07-17 02:29:57
505,73,281,view,2025-08-09 02:29:57
506,87,27,comment,2025-08-08 02:29:57
507,94,27,like,2025-08-09 02:29:57
508,70,221,view,2025-08-08 02:29:57
509,74,397,view,2025-08-06 02:29:57
510,36,482,view,2025-08-03 02:29:57
511,64,499,report,2025-07-27 02:29:57
512,64,315,comment,2025-08-05 02:29:57
513,68,3,view,2025-07-29 02:29:57
514,16,154,like,2025-08-15 02:29:57
515,68,79,view,2025-07-19 02:29:57
516,11,274,view,2025-08-13 02:29:57
517,36,79,view,2025-07-29 02:29:57
518,24,459,view,2025-07-22 02:29:57
519,93,195,view,2025-07-26 02:29:57
520,92,437,view,2025-08-14 02:29:57
521,100,265,view,2025-08-02 02:29:57
522,57,390,view,2025-07-27 02:29:57
523,9,264,view,2025-08-15 02:29:57
524,89,251,view,2025-08-08 02:29:57
525,53,294,view,2025-08-05 02:29:57
526,76,173,comment,2025-07-29 02:29:57
527,38,195,like,2025-07-30 02:29:57
528,10,469,view,2025-08-13 02:29:57
529,15,301,view,2025-07-30 02:29:57
530,7,134,view,2025-08-03 02:29:57
531,51,357,comment,2025-08-15 02:29:57
532,83,159,view,2025-07-28 02:29:57
533,37,223,view,2025-08-12 02:29:57
534,98,483,comment,2025-07-29 02:29:57
535,58,248,view,2025-08-09 02:29:57
536,24,270,view,2025-08-01 02:29:57
537,40,379,view,2025-08-07 02:29:57
538,94,364,view,2025-07-20 02:29:57
539,49,143,view,2025-07-24 02:29:57
540,19,345,view,2025-08-01 02:29:57
541,27,169,comment,2025-07-19 02:29:57
542,2,467,view,2025-07-19 02:29:57
543,5,327,view,2025-08-06 02:29:57
544,3,179,view,2025-08-06 02:29:57
545,85,23,comment,2025-07-16 02:29:57
546,49,302,view,2025-08-15 02:29:57
547,41,314,comment,2025-08-07 02:29:57
548,59,404,comment,2025-08-12 02:29:57
549,11,53,like,2025-07-27 02:29:57
550,94,347,view,2025-08-02 02:29:57
551,35,169,like,2025-07-18 02:29:57
552,82,273,view,2025-07-27 02:29:57
553,42,348,view,2025-08-10 02:29:57
554,19,30,view,2025-08-13 02:29:57
555,62,331,comment,2025-07-22 02:29:57
556,69,123,view,2025-07-24 02:29:57
557,100,101,comment,2025-08-14 02:29:57
558,6,369,view,2025-08-07 02:29:57
559,59,488,view,2025-08-08 02:29:57
560,59,442,view,2025-07-27 02:29:57
561,40,251,view,2025-08-08 02:29:57
562,2,342,view,2025-07-25 02:29:57
563,1,347,view,2025-07-17 02:29:57
564,13,437,view,2025-07-24 02:29:57
565,16,237,view,2025-07-20 02:29:57
566,12,131,view,2025-08-07 02:29:57
567,72,278,like,2025-08-05 02:29:57
568,33,251,view,2025-07-19 02:29:57
569,81,200,view,2025-08-11 02:29:57
570,100,174,view,2025-07-19 02:29:57
571,11,121,view,2025-08-13 02:29:57
572,98,376,view,2025-07-27 02:29:57
573,5,380,comment,2025-08-08 02:29:57
574,28,489,like,2025-07-26 02:29:57
575,89,137,view,2025-08-12 02:29:57
576,12,362,view,2025-08-14 02:29:57
577,93,393,view,2025-07-16 02:29:57
578,47,441,view,2025-07-19 02:29:57
579,39,213,view,2025-07-27 02:29:57
580,99,315,view,2025-07-28 02:29:57
581,50,431,view,2025-07-19 02:29:57
582,66,179,view,2025-08-02 02:29:57
583,78,302,view,2025-07-23 02:29:57
584,82,444,view,2025-08-05 02:29:57
585,58,119,view,2025-08-05 02:29:57
586,3,481,view,2025-07-18 02:29:57
587,94,121,view,2025-07-20 02:29:57
588,88,286,view,2025-07-28 02:29:57
589,19,41,view,2025-07-19 02:29:57
590,53,411,view,2025-07-27 02:29:57
591,45,355,view,2025-07-23 02:29:57
592,55,72,view,2025-08-08 02:29:57
593,59,229,view,2025-07-29 02:29:57
594,25,103,view,2025-08-07 02:29:57
595,10,41,view,2025-07-27 02:29:57
596,76,252,view,2025-08-12 02:29:57
597,25,128,view,2025-08-06 02:29:57
598,56,75,view,2025-08-09 02:29:57
599,77,218,like,2025-07-30 02:29:57
600,28,376,view,2025-08-10 02:29:57
601,61,30,view,2025-08-06 02:29:57
602,9,155,view,2025-07-19 02:29:57
603,49,15,view,2025-07-29 02:29:57
604,28,333,view,2025-08-15 02:29:57
605,38,6,view,2025-07-19 02:29:57
606,61,34,like,2025-07-19 02:29:57
607,39,401,view,2025-07-30 02:29:57
608,95,309,view,2025-08-08 02:29:57
609,67,56,view,2025-07-30 02:29:57
610,16,479,view,2025-08-10 02:29:57
611,13,311,like,2025-08-10 02:29:57
612,13,92,view,2025-08-02 02:29:57
613,45,279,comment,2025-07-30 02:29:57
614,43,140,view,2025-08-12 02:29:57
615,31,333,view,2025-08-03 02:29:57
616,30,53,view,2025-08-14 02:29:57
617,4,161,view,2025-08-06 02:29:57
618,51,59,like,2025-07-25 02:29:57
619,29,477,view,2025-08-15 02:29:57
620,28,447,view,2025-07-22 02:29:57
621,90,498,like,2025-08-05 02:29:57
622,9,110,view,2025-07-31 02:29:57
623,86,381,view,2025-08-11 02:29:57
624,85,163,view,2025-08-08 02:29:57
625,90,19,view,2025-08-01 02:29:57
626,34,358,report,2025-08-06 02:29:57
627,86,18,view,2025-07-16 02:29:57
628,35,129,view,2025-07-19 02:29:57
629,97,67,view,2025-07-30 02:29:57
630,67,435,comment,2025-08-06 02:29:57
631,82,198,view,2025-07-31 02:29:57
632,56,127,view,2025-08-15 02:29:57
633,48,366,view,2025-07-29 02:29:57
634,80,110,view,2025-07-25 02:29:57
635,99,150,comment,2025-07-26 02:29:57
636,84,476,like,2025-08-08 02:29:57
637,58,176,like,2025-07-16 02:29:57
638,83,347,view,2025-07-31 02:29:57
639,84,426,like,2025-07-27 02:29:57
640,97,419,view,2025-07-16 02:29:57
641,21,448,view,2025-07-17 02:29:57
642,78,295,like,2025-08-04 02:29:57
643,20,119,view,2025-07-22 02:29:57
644,21,455,view,2025-08-08 02:29:57
645,10,300,view,2025-07-16 02:29:57
646,9,68,view,2025-07-23 02:29:57
647,44,15,view,2025-08-12 02:29:57
648,62,395,view,2025-07-23 02:29:57
649,88,175,like,2025-08-09 02:29:57
650,46,323,like,2025-07-27 02:29:57
651,33,117,like,2025-07-25 02:29:57
652,76,294,view,2025-08-12 02:29:57
653,73,152,view,2025-08-15 02:29:57
654,8,401,view,2025-08-14 02:29:57
655,81,182,view,2025-07-19 02:29:57
656,57,406,view,2025-08-09 02:29:57
657,47,495,like,2025-08-07 02:29:57
658,33,41,like,2025-07-27 02:29:57
659,50,377,view,2025-08-11 02:29:57
660,34,286,view,2025-08-02 02:29:57
661,55,198,view,2025-08-14 02:29:57
662,36,228,view,2025-07-19 02:29:57
663,30,493,comment,2025-07-26 02:29:57
664,67,80,view,2025-08-11 02:29:57
665,11,395,view,2025-07-23 02:29:57
666,73,461,like,2025-08-06 02:29:57
667,4,245,view,2025-07-30 02:29:57
668,75,439,like,2025-08-08 02:29:57
669,30,234,like,2025-07-20 02:29:57
670,9,283,like,2025-07-29 02:29:57
671,97,461,view,2025-07-28 02:29:57
672,25,120,view,2025-07-30 02:29:57
673,21,157,view,2025-07-21 02:29:57
674,97,412,report,2025-07-26 02:29:57
675,54,292,like,2025-08-13 02:29:57
676,82,76,view,2025-07-18 02:29:57
677,21,106,view,2025-08-02 02:29:57
678,36,354,view,2025-07-30 02:29:57
679,58,420,view,2025-07-18 02:29:57
680,98,337,like,2025-07-24 02:29:57
681,7,382,report,2025-07-27 02:29:57
682,21,296,like,2025-07-19 02:29:57
683,25,71,view,2025-08-15 02:29:57
684,4,174,view,2025-08-10 02:29:57
685,3,126,comment,2025-07-23 02:29:57
686,99,388,view,2025-07-30 02:29:57
687,65,290,view,2025-07-17 02:29:57
688,1,32,view,2025-07-31 02:29:57
689,71,95,view,2025-07-25 02:29:57
690,62,238,view,2025-07-19 02:29:57
691,47,325,report,2025-07-18 02:29:57
692,40,238,view,2025-08-09 02:29:57
693,4,319,view,2025-07-22 02:29:57
694,34,407,view,2025-08-12 02:29:57
695,63,402,view,2025-07-17 02:29:57
696,32,17,view,2025-07-29 02:29:57
697,32,174,view,2025-08-06 02:29:57
698,49,367,view,2025-08-15 02:29:57
699,14,242,like,2025-07-16 02:29:57
700,94,156,like,2025-07-26 02:29:57
701,77,39,like,2025-08-03 02:29:57
702,7,252,view,2025-08-08 02:29:57
703,96,178,view,2025-08-04 02:29:57
704,80,229,view,2025-08-01 02:29:57
705,15,365,view,2025-08-07 02:29:57
706,21,270,view,2025-07-19 02:29:57
707,48,94,view,2025-07-25 02:29:57
708,35,189,view,2025-08-06 02:29:57
709,24,218,like,2025-08-02 02:29:57
710,29,49,like,2025-08-11 02:29:57
711,21,451,like,2025-07-19 02:29:57
712,38,279,comment,2025-07-17 02:29:57
713,34,219,view,2025-08-05 02:29:57
714,65,207,view,2025-07-20 02:29:57
715,86,153,view,2025-07-24 02:29:57
716,44,252,view,2025-07-31 02:29:57
717,24,183,view,2025-07-18 02:29:57
718,77,243,report,2025-08-11 02:29:57
719,44,301,view,2025-08-03 02:29:57
720,14,222,view,2025-07-28 02:29:57
721,75,352,view,2025-07-30 02:29:57
722,12,170,view,2025-08-01 02:29:57
723,51,345,view,2025-08-10 02:29:57
724,85,317,comment,2025-07-31 02:29:57
725,66,439,view,2025-08-12 02:29:57
726,25,495,view,2025-08-02 02:29:57
727,80,245,like,2025-08-11 02:29:57
728,29,324,comment,2025-08-09 02:29:57
729,33,9,like,2025-08-10 02:29:57
730,37,238,like,2025-08-07 02:29:57
731,21,341,comment,2025-08-11 02:29:57
732,42,76,view,2025-07-24 02:29:57
733,8,425,view,2025-07-28 02:29:57
734,82,362,view,2025-08-11 02:29:57
735,83,330,view,2025-07-17 02:29:57
736,17,373,view,2025-07-23 02:29:57
737,87,3,view,2025-08-04 02:29:57
738,8,288,view,2025-07-24 02:29:57
739,2,90,view,2025-07-30 02:29:57
740,38,494,view,2025-08-07 02:29:57
741,53,124,view,2025-08-14 02:29:57
742,82,199,like,2025-07-26 02:29:57
743,32,358,view,2025-07-26 02:29:57
744,26,382,like,2025-07-20 02:29:57
745,78,211,comment,2025-08-12 02:29:57
746,5,200,like,2025-07-19 02:29:57
747,72,261,view,2025-07-23 02:29:57
748,77,246,view,2025-08-09 02:29:57
749,31,377,view,2025-07-20 02:29:57
750,86,286,view,2025-08-03 02:29:57
751,33,363,view,2025-08-12 02:29:57
752,12,355,view,2025-07-21 02:29:57
753,66,168,view,2025-08-12 02:29:57
754,52,314,view,2025-08-02 02:29:57
755,92,451,view,2025-07-22 02:29:57
756,87,316,view,2025-07-29 02:29:57
757,16,478,view,2025-08-06 02:29:57
758,24,445,view,2025-08-01 02:29:57
759,69,414,view,2025-08-12 02:29:57
760,55,30,view,2025-07-29 02:29:57
761,31,291,like,2025-08-04 02:29:57
762,88,207,like,2025-08-02 02:29:57
763,39,355,view,2025-07-27 02:29:57
764,14,129,like,2025-07-22 02:29:57
765,25,360,view,2025-07-23 02:29:57
766,21,394,like,2025-08-10 02:29:57
767,100,459,like,2025-07-20 02:29:57
768,92,120,view,2025-08-09 02:29:57
769,88,9,view,2025-08-05 02:29:57
770,60,387,view,2025-07-22 02:29:57
771,98,372,like,2025-07-21 02:29:57
772,17,204,like,2025-07-19 02:29:57
773,25,205,report,2025-07-31 02:29:57
774,38,127,comment,2025-07-16 02:29:57
775,68,217,like,2025-08-03 02:29:57
776,92,319,view,2025-07-28 02:29:57
777,74,93,comment,2025-08-03 02:29:57
778,28,158,view,2025-07-30 02:29:57
779,40,365,view,2025-07-31 02:29:57
780,61,292,view,2025-07-28 02:29:57
781,72,44,view,2025-08-05 02:29:57
782,25,364,view,2025-07-22 02:29:57
783,5,462,view,2025-07-20 02:29:57
784,88,375,view,2025-07-17 02:29:57
785,21,268,like,2025-08-05 02:29:57
786,46,35,view,2025-08-05 02:29:57
787,41,255,like,2025-07-25 02:29:57
788,95,130,like,2025-07-18 02:29:57
789,40,258,view,2025-08-12 02:29:57
790,53,274,like,2025-07-20 02:29:57
791,85,220,like,2025-08-12 02:29:57
792,92,189,view,2025-07-22 02:29:57
793,56,115,view,2025-07-29 02:29:57
794,56,117,view,2025-08-14 02:29:57
795,88,398,view,2025-07-28 02:29:57
796,90,455,view,2025-08-09 02:29:57
797,73,107,view,2025-08-04 02:29:57
798,30,268,like,2025-07-31 02:29:57
799,64,425,comment,2025-07-19 02:29:57
800,1,383,view,2025-07-27 02:29:57
801,68,276,view,2025-07-17 02:29:57
802,60,269,like,2025-08-03 02:29:57
803,75,108,view,2025-08-10 02:29:57
804,37,32,view,2025-07-24 02:29:57
805,20,216,view,2025-08-12 02:29:57
806,29,214,view,2025-08-02 02:29:57
807,14,493,view,2025-08-09 02:29:57
808,70,306,view,2025-07-20 02:29:57
809,65,192,view,2025-08-03 02:29:57
810,66,151,like,2025-07-28 02:29:57
811,99,227,like,2025-08-09 02:29:57
812,86,191,view,2025-07-23 02:29:57
813,75,204,view,2025-07-23 02:29:57
814,35,382,view,2025-07-28 02:29:57
815,58,288,like,2025-08-14 02:29:57
816,79,44,view,2025-07-17 02:29:57
817,52,118,view,2025-07-28 02:29:57
818,44,177,view,2025-07-30 02:29:57
819,1,208,view,2025-08-04 02:29:57
820,44,143,view,2025-07-18 02:29:57
821,3,396,view,2025-08-03 02:29:57
822,84,256,like,2025-07-24 02:29:57
823,74,339,like,2025-08-06 02:29:57
824,71,25,view,2025-07-21 02:29:57
825,7,371,view,2025-07-21 02:29:57
826,27,461,like,2025-08-15 02:29:57
827,79,217,view,2025-07-30 02:29:57
828,8,32,view,2025-07-16 02:29:57
829,73,433,view,2025-08-03 02:29:57
830,24,351,view,2025-07-23 02:29:57
831,56,422,view,2025-07-22 02:29:57
832,64,412,view,2025-08-02 02:29:57
833,54,473,view,2025-07-30 02:29:57
834,19,463,view,2025-07-18 02:29:57
835,31,148,view,2025-08-01 02:29:57
836,66,470,view,2025-07-24 02:29:57
837,4,395,like,2025-08-02 02:29:57
838,39,251,view,2025-08-02 02:29:57
839,66,49,view,2025-08-03 02:29:57
840,68,222,report,2025-07-30 02:29:57
841,41,145,view,2025-07-25 02:29:57
842,44,307,view,2025-08-06 02:29:57
843,29,222,like,2025-07-30 02:29:57
844,64,233,view,2025-08-09 02:29:57
845,6,302,like,2025-07-19 02:29:57
846,31,217,view,2025-07-28 02:29:57
847,33,412,view,2025-07-18 02:29:57
848,100,301,like,2025-08-07 02:29:57
849,55,160,comment,2025-07-26 02:29:57
850,75,271,view,2025-08-12 02:29:57
851,52,477,view,2025-08-07 02:29:57
852,65,108,comment,2025-08-10 02:29:57
853,30,268,view,2025-07-24 02:29:57
854,48,361,view,2025-08-03 02:29:57
855,63,256,view,2025-08-02 02:29:57
856,18,176,view,2025-08-06 02:29:57
857,85,54,view,2025-07-22 02:29:57
858,86,486,view,2025-07-28 02:29:57
859,54,29,view,2025-07-23 02:29:57
860,7,279,like,2025-08-14 02:29:57
861,8,270,like,2025-08-04 02:29:57
862,30,359,view,2025-07-18 02:29:57
863,30,215,view,2025-08-02 02:29:57
864,37,167,view,2025-08-15 02:29:57
865,14,177,view,2025-08-10 02:29:57
866,28,30,view,2025-07-16 02:29:57
867,81,150,view,2025-07-31 02:29:57
868,56,415,view,2025-08-13 02:29:57
869,85,476,view,2025-08-03 02:29:57
870,61,415,view,2025-08-15 02:29:57
871,21,319,view,2025-07-16 02:29:57
872,89,232,view,2025-08-11 02:29:57
873,88,19,view,2025-08-03 02:29:57
874,76,485,view,2025-07-17 02:29:57
875,87,484,like,2025-07-25 02:29:57
876,40,186,view,2025-08-01 02:29:57
877,77,82,comment,2025-08-15 02:29:57
878,32,447,comment,2025-08-03 02:29:57
879,24,429,like,2025-07-30 02:29:57
880,41,258,view,2025-07-17 02:29:57
881,46,244,view,2025-07-27 02:29:57
882,98,161,view,2025-07-18 02:29:57
883,3,51,comment,2025-07-31 02:29:57
884,84,366,like,2025-08-12 02:29:57
885,74,235,like,2025-08-03 02:29:57
886,91,41,comment,2025-08-13 02:29:57
887,3,275,view,2025-07-27 02:29:57
888,87,394,like,2025-07-19 02:29:57
889,76,230,view,2025-07-16 02:29:57
890,47,129,view,2025-08-02 02:29:57
891,3,360,view,2025-08-13 02:29:57
892,5,118,view,2025-08-07 02:29:57
893,59,187,view,2025-07-21 02:29:57
894,16,77,comment,2025-08-13 02:29:57
895,47,254,view,2025-08-14 02:29:57
896,85,139,view,2025-08-08 02:29:57
897,80,447,view,2025-07-21 02:29:57
898,7,2,view,2025-08-11 02:29:57
899,61,238,view,2025-08-09 02:29:57
900,77,487,like,2025-08-09 02:29:57
901,20,327,view,2025-07-30 02:29:57
902,67,127,like,2025-07-28 02:29:57
903,71,392,view,2025-07-27 02:29:57
904,86,66,like,2025-07-23 02:29:57
905,46,74,view,2025-07-30 02:29:57
906,47,373,view,2025-08-08 02:29:57
907,94,342,view,2025-07-29 02:29:57
908,75,316,like,2025-08-09 02:29:57
909,15,134,view,2025-07-29 02:29:57
910,2,161,view,2025-07-24 02:29:57
911,23,154,like,2025-07-30 02:29:57
912,67,269,view,2025-08-03 02:29:57
913,60,369,view,2025-07-16 02:29:57
914,47,438,view,2025-08-14 02:29:57
915,84,261,like,2025-07-20 02:29:57
916,49,483,view,2025-08-09 02:29:57
917,81,352,like,2025-07-20 02:29:57
918,72,255,view,2025-07-29 02:29:57
919,99,240,report,2025-08-15 02:29:57
920,39,212,comment,2025-07-22 02:29:57
921,28,57,view,2025-08-03 02:29:57
922,53,413,view,2025-08-08 02:29:57
923,48,206,view,2025-08-13 02:29:57
924,67,230,view,2025-07-24 02:29:57
925,17,287,like,2025-07-28 02:29:57
926,36,393,view,2025-07-26 02:29:57
927,80,367,view,2025-07-23 02:29:57
928,44,205,view,2025-08-08 02:29:57
929,93,29,comment,2025-08-03 02:29:57
930,86,207,comment,2025-07-18 02:29:57
931,25,298,view,2025-08-09 02:29:57
932,87,293,view,2025-07-31 02:29:57
933,21,341,view,2025-08-04 02:29:57
934,12,351,like,2025-07-24 02:29:57
935,12,329,comment,2025-07-31 02:29:57
936,51,187,view,2025-08-06 02:29:57
937,2,95,view,2025-07-29 02:29:57
938,80,1,view,2025-07-26 02:29:57
939,89,205,view,2025-07-16 02:29:57
940,64,313,view,2025-08-09 02:29:57
941,57,124,view,2025-07-28 02:29:57
942,94,380,view,2025-07-23 02:29:57
943,63,376,view,2025-08-10 02:29:57
944,28,401,view,2025-07-19 02:29:57
945,39,390,view,2025-07-26 02:29:57
946,96,487,view,2025-07-26 02:29:57
947,10,175,view,2025-07-20 02:29:57
948,53,29,report,2025-08-07 02:29:57
949,7,7,like,2025-07-23 02:29:57
950,51,461,view,2025-08-07 02:29:57
951,48,379,view,2025-07-19 02:29:57
952,48,345,view,2025-07-25 02:29:57
953,54,400,view,2025-07-27 02:29:57
954,59,159,like,2025-07-31 02:29:57
955,40,243,view,2025-08-15 02:29:57
956,25,445,view,2025-08-02 02:29:57
957,16,183,view,2025-08-15 02:29:57
958,24,231,like,2025-08-10 02:29:57
959,37,450,view,2025-07-17 02:29:57
960,8,78,view,2025-07-18 02:29:57
961,44,165,comment,2025-08-15 02:29:57
962,45,264,view,2025-08-14 02:29:57
963,46,277,view,2025-08-01 02:29:57
964,59,12,view,2025-08-07 02:29:57
965,100,52,view,2025-08-13 02:29:57
966,31,336,like,2025-07-19 02:29:57
967,16,351,view,2025-07-27 02:29:57
968,79,199,comment,2025-08-05 02:29:57
969,40,18,view,2025-07-17 02:29:57
970,75,193,view,2025-07-25 02:29:57
971,77,390,comment,2025-07-18 02:29:57
972,62,451,comment,2025-07-28 02:29:57
973,63,258,view,2025-07-23 02:29:57
974,67,379,comment,2025-08-13 02:29:57
975,46,457,view,2025-08-02 02:29:57
976,63,159,view,2025-08-10 02:29:57
977,10,92,like,2025-07-16 02:29:57
978,24,491,view,2025-08-02 02:29:57
979,35,304,comment,2025-07-22 02:29:57
980,41,330,like,2025-07-20 02:29:57
981,98,387,view,2025-08-10 02:29:57
982,29,146,view,2025-08-04 02:29:57
983,30,401,view,2025-07-17 02:29:57
984,76,237,view,2025-07-21 02:29:57
985,66,83,view,2025-08-13 02:29:57
986,33,85,view,2025-07-18 02:29:57
987,85,381,like,2025-07-23 02:29:57
988,90,302,like,2025-08-11 02:29:57
989,16,395,view,2025-08-06 02:29:57
990,23,37,view,2025-07-28 02:29:57
991,16,388,view,2025-07-26 02:29:57
992,26,94,view,2025-07-16 02:29:57
993,19,98,view,2025-07-24 02:29:57
994,72,426,view,2025-08-05 02:29:57
995,71,143,view,2025-07-23 02:29:57
996,83,369,like,2025-07-23 02:29:57
997,77,328,view,2025-07-20 02:29:57
998,98,35,like,2025-07-31 02:29:57
999,12,245,view,2025-07-16 02:29:57
1000,19,50,view,2025-08-08 02:29:57
1001,83,49,comment,2025-08-04 02:29:57
1002,67,319,view,2025-08-04 02:29:57
1003,11,104,comment,2025-08-05 02:29:57
1004,100,368,view,2025-07-25 02:29:57
1005,94,375,view,2025-08-06 02:29:57
1006,6,29,view,2025-08-11 02:29:57
1007,48,357,view,2025-08-01 02:29:57
1008,91,255,view,2025-08-12 02:29:57
1009,10,494,view,2025-08-09 02:29:57
1010,93,43,view,2025-07-19 02:29:57
1011,35,394,view,2025-07-31 02:29:57
1012,11,478,view,2025-08-06 02:29:57
1013,83,133,view,2025-08-09 02:29:57
1014,95,147,view,2025-07-17 02:29:57
1015,56,344,view,2025-07-28 02:29:57
1016,95,272,comment,2025-07-24 02:29:57
1017,83,17,view,2025-07-16 02:29:57
1018,85,409,view,2025-08-09 02:29:57
1019,79,3,view,2025-08-07 02:29:57
1020,97,385,view,2025-08-02 02:29:57
1021,26,173,like,2025-08-12 02:29:57
1022,44,397,view,2025-07-28 02:29:57
1023,61,389,view,2025-07-22 02:29:57
1024,52,106,view,2025-07-28 02:29:57
1025,74,494,view,2025-08-12 02:29:57
1026,21,423,view,2025-07-20 02:29:57
1027,69,402,view,2025-08-06 02:29:57
1028,50,402,like,2025-07-28 02:29:57
1029,40,290,comment,2025-08-10 02:29:57
1030,17,389,view,2025-07-29 02:29:57
1031,47,163,view,2025-08-07 02:29:57
1032,98,94,like,2025-07-28 02:29:57
1033,80,247,comment,2025-07-26 02:29:57
1034,89,60,view,2025-08-10 02:29:57
1035,96,156,view,2025-07-31 02:29:57
1036,19,181,like,2025-07-29 02:29:57
1037,99,439,view,2025-07-24 02:29:57
1038,52,474,view,2025-08-06 02:29:57
1039,84,288,like,2025-08-01 02:29:57
1040,78,279,view,2025-08-02 02:29:57
1041,52,300,view,2025-08-09 02:29:57
1042,74,93,view,2025-07-26 02:29:57
1043,99,349,comment,2025-08-11 02:29:57
1044,52,464,view,2025-08-05 02:29:57
1045,3,338,like,2025-07-28 02:29:57
1046,69,328,view,2025-08-04 02:29:57
1047,80,196,view,2025-07-23 02:29:57
1048,72,205,view,2025-08-10 02:29:57
1049,7,218,view,2025-07-24 02:29:57
1050,31,336,view,2025-07-19 02:29:57
1051,69,341,view,2025-07-16 02:29:57
1052,47,461,view,2025-07-28 02:29:57
1053,68,485,view,2025-07-27 02:29:57
1054,35,286,view,2025-08-10 02:29:57
1055,73,119,view,2025-08-13 02:29:57
1056,60,371,like,2025-07-27 02:29:57
1057,15,110,view,2025-07-27 02:29:57
1058,58,246,view,2025-07-16 02:29:57
1059,40,6,view,2025-08-13 02:29:57
1060,51,341,view,2025-08-11 02:29:57
1061,1,468,view,2025-07-18 02:29:57
1062,54,152,view,2025-08-11 02:29:57
1063,80,35,view,2025-08-12 02:29:57
1064,27,294,view,2025-07-20 02:29:57
1065,71,231,view,2025-07-30 02:29:57
1066,16,156,comment,2025-08-06 02:29:57
1067,17,271,comment,2025-07-24 02:29:57
1068,97,220,view,2025-07-27 02:29:57
1069,96,46,like,2025-08-13 02:29:57
1070,20,4,view,2025-07-21 02:29:57
1071,8,253,view,2025-08-13 02:29:57
1072,54,43,view,2025-07-18 02:29:57
1073,69,469,view,2025-08-03 02:29:57
1074,57,348,like,2025-08-02 02:29:57
1075,53,247,view,2025-07-24 02:29:57
1076,97,191,comment,2025-07-24 02:29:57
1077,65,5,comment,2025-07-20 02:29:57
1078,38,20,report,2025-08-02 02:29:57
1079,100,168,view,2025-07-20 02:29:57
1080,86,314,report,2025-07-23 02:29:57
1081,8,270,view,2025-07-28 02:29:57
1082,86,497,like,2025-07-21 02:29:57
1083,78,198,view,2025-08-04 02:29:57
1084,39,113,view,2025-07-25 02:29:57
1085,13,467,view,2025-07-31 02:29:57
1086,6,8,report,2025-08-08 02:29:57
1087,48,274,like,2025-07-20 02:29:57
1088,56,52,view,2025-07-17 02:29:57
1089,13,136,view,2025-08-10 02:29:57
1090,92,159,view,2025-07-19 02:29:57
1091,21,74,report,2025-07-28 02:29:57
1092,96,459,comment,2025-08-03 02:29:57
1093,66,28,view,2025-08-10 02:29:57
1094,48,189,view,2025-07-20 02:29:57
1095,54,199,view,2025-07-16 02:29:57
1096,19,34,view,2025-07-31 02:29:57
1097,3,220,view,2025-07-25 02:29:57
1098,78,413,view,2025-08-06 02:29:57
1099,56,104,view,2025-07-29 02:29:57
1100,98,16,view,2025-07-26 02:29:57
1101,65,334,view,2025-08-11 02:29:57
1102,17,447,like,2025-08-12 02:29:57
1103,19,285,view,2025-08-02 02:29:57
1104,15,316,view,2025-08-15 02:29:57
1105,84,460,view,2025-07-26 02:29:57
1106,82,448,like,2025-08-09 02:29:57
1107,49,288,view,2025-08-12 02:29:57
1108,8,75,view,2025-07-24 02:29:57
1109,56,124,report,2025-08-12 02:29:57
1110,78,23,like,2025-07-21 02:29:57
1111,90,395,view,2025-08-08 02:29:57
1112,4,373,view,2025-08-08 02:29:57
1113,12,208,comment,2025-08-06 02:29:57
1114,55,99,report,2025-08-04 02:29:57
1115,96,213,view,2025-07-23 02:29:57
1116,2,44,like,2025-07-27 02:29:57
1117,28,97,like,2025-08-10 02:29:57
1118,11,385,view,2025-07-28 02:29:57
1119,88,259,view,2025-07-31 02:29:57
1120,56,182,view,2025-08-01 02:29:57
1121,59,211,view,2025-08-14 02:29:57
1122,91,366,comment,2025-08-06 02:29:57
1123,93,89,like,2025-08-02 02:29:57
1124,46,460,like,2025-08-15 02:29:57
1125,54,169,report,2025-07-28 02:29:57
1126,77,392,view,2025-07-24 02:29:57
1127,24,153,view,2025-08-08 02:29:57
1128,24,94,view,2025-07-27 02:29:57
1129,100,296,view,2025-07-30 02:29:57
1130,47,18,view,2025-08-14 02:29:57
1131,88,341,view,2025-08-05 02:29:57
1132,9,333,view,2025-07-31 02:29:57
1133,8,190,view,2025-07-30 02:29:57
1134,1,466,view,2025-08-11 02:29:57
1135,62,16,view,2025-07-18 02:29:57
1136,85,191,view,2025-08-08 02:29:57
1137,26,402,view,2025-08-08 02:29:57
1138,71,408,view,2025-08-14 02:29:57
1139,79,24,view,2025-07-27 02:29:57
1140,43,81,view,2025-08-02 02:29:57
1141,13,460,view,2025-08-06 02:29:57
1142,86,257,view,2025-07-24 02:29:57
1143,91,3,view,2025-07-16 02:29:57
1144,89,159,view,2025-08-01 02:29:57
1145,67,328,comment,2025-08-01 02:29:57
1146,88,447,view,2025-07-23 02:29:57
1147,29,255,view,2025-08-07 02:29:57
1148,68,308,view,2025-08-03 02:29:57
1149,89,260,view,2025-08-06 02:29:57
1150,80,353,like,2025-07-27 02:29:57
1151,13,417,like,2025-08-14 02:29:57
1152,22,342,view,2025-07-16 02:29:57
1153,11,486,like,2025-07-16 02:29:57
1154,25,131,like,2025-07-20 02:29:57
1155,38,142,view,2025-08-05 02:29:57
1156,80,42,view,2025-07-26 02:29:57
1157,75,20,view,2025-07-23 02:29:57
1158,100,252,view,2025-07-16 02:29:57
1159,49,200,view,2025-08-14 02:29:57
1160,68,256,view,2025-08-14 02:29:57
1161,6,78,view,2025-08-10 02:29:57
1162,31,154,view,2025-07-20 02:29:57
1163,21,67,like,2025-07-16 02:29:57
1164,52,183,view,2025-08-09 02:29:57
1165,11,312,report,2025-07-18 02:29:57
1166,63,468,view,2025-08-05 02:29:57
1167,58,432,view,2025-08-02 02:29:57
1168,14,327,view,2025-08-11 02:29:57
1169,24,181,like,2025-07-27 02:29:57
1170,6,282,view,2025-07-21 02:29:57
1171,43,395,view,2025-07-30 02:29:57
1172,12,410,like,2025-08-12 02:29:57
1173,46,269,view,2025-08-08 02:29:57
1174,99,480,view,2025-08-12 02:29:57
1175,62,129,view,2025-07-17 02:29:57
1176,61,306,comment,2025-08-11 02:29:57
1177,35,445,view,2025-07-29 02:29:57
1178,7,461,view,2025-07-22 02:29:57
1179,83,295,view,2025-08-15 02:29:57
1180,63,434,view,2025-07-22 02:29:57
1181,6,211,view,2025-07-18 02:29:57
1182,2,36,view,2025-08-14 02:29:57
1183,40,115,view,2025-07-21 02:29:57
1184,51,1,view,2025-07-17 02:29:57
1185,47,441,view,2025-08-01 02:29:57
1186,7,225,report,2025-07-24 02:29:57
1187,32,173,view,2025-08-13 02:29:57
1188,56,40,view,2025-08-10 02:29:57
1189,25,96,like,2025-08-04 02:29:57
1190,81,43,like,2025-08-04 02:29:57
1191,62,59,view,2025-08-07 02:29:57
1192,29,295,comment,2025-07-30 02:29:57
1193,75,238,view,2025-08-08 02:29:57
1194,48,297,view,2025-07-21 02:29:57
1195,6,391,view,2025-08-07 02:29:57
1196,22,6,view,2025-07-22 02:29:57
1197,80,391,view,2025-07-17 02:29:57
1198,72,420,view,2025-08-05 02:29:57
1199,47,318,view,2025-08-02 02:29:57
1200,71,355,view,2025-08-07 02:29:57
1201,22,437,view,2025-08-11 02:29:57
1202,56,379,view,2025-08-07 02:29:57
1203,74,261,view,2025-08-13 02:29:57
1204,85,380,view,2025-07-19 02:29:57
1205,42,198,view,2025-08-14 02:29:57
1206,20,444,like,2025-07-23 02:29:57
1207,78,485,view,2025-08-08 02:29:57
1208,26,493,view,2025-08-07 02:29:57
1209,89,145,view,2025-07-26 02:29:57
1210,33,298,view,2025-08-09 02:29:57
1211,78,110,comment,2025-08-12 02:29:57
1212,84,12,view,2025-07-28 02:29:57
1213,32,114,like,2025-07-20 02:29:57
1214,81,457,view,2025-08-02 02:29:57
1215,25,264,like,2025-08-05 02:29:57
1216,94,255,view,2025-08-15 02:29:57
1217,35,117,view,2025-07-23 02:29:57
1218,53,273,view,2025-07-29 02:29:57
1219,38,282,view,2025-08-06 02:29:57
1220,4,429,like,2025-07-18 02:29:57
1221,42,308,like,2025-08-14 02:29:57
1222,64,499,like,2025-07-19 02:29:57
1223,55,268,like,2025-08-09 02:29:57
1224,76,10,like,2025-08-02 02:29:57
1225,81,496,comment,2025-08-05 02:29:57
1226,11,75,view,2025-07-28 02:29:57
1227,70,304,view,2025-07-20 02:29:57
1228,75,239,comment,2025-07-21 02:29:57
1229,35,296,report,2025-08-02 02:29:57
1230,89,101,view,2025-07-16 02:29:57
1231,15,428,view,2025-07-22 02:29:57
1232,92,94,view,2025-07-23 02:29:57
1233,89,254,view,2025-07-31 02:29:57
1234,13,276,report,2025-07-29 02:29:57
1235,68,372,view,2025-08-14 02:29:57
1236,52,73,view,2025-07-31 02:29:57
1237,79,375,view,2025-08-07 02:29:57
1238,14,56,view,2025-08-13 02:29:57
1239,39,343,report,2025-08-05 02:29:57
1240,81,342,view,2025-08-04 02:29:57
1241,100,460,like,2025-07-27 02:29:57
1242,90,168,like,2025-08-12 02:29:57
1243,21,456,view,2025-08-02 02:29:57
1244,86,144,view,2025-08-06 02:29:57
1245,22,114,view,2025-08-11 02:29:57
1246,91,209,like,2025-07-31 02:29:57
1247,57,23,comment,2025-08-09 02:29:57
1248,85,488,view,2025-07-22 02:29:57
1249,55,30,view,2025-07-24 02:29:57
1250,25,412,view,2025-08-05 02:29:57
1251,6,124,comment,2025-07-27 02:29:57
1252,34,117,like,2025-07-21 02:29:57
1253,65,92,view,2025-07-31 02:29:57
1254,21,445,view,2025-08-15 02:29:57
1255,32,371,view,2025-07-30 02:29:57
1256,94,235,view,2025-08-11 02:29:57
1257,14,103,view,2025-08-01 02:29:57
1258,94,276,like,2025-07-16 02:29:57
1259,39,463,comment,2025-07-21 02:29:57
1260,5,139,view,2025-08-03 02:29:57
1261,92,388,view,2025-07-25 02:29:57
1262,95,116,view,2025-07-27 02:29:57
1263,1,21,view,2025-08-13 02:29:57
1264,75,267,view,2025-08-08 02:29:57
1265,82,103,view,2025-07-22 02:29:57
1266,91,226,like,2025-07-16 02:29:57
1267,99,53,view,2025-08-02 02:29:57
1268,44,66,view,2025-08-05 02:29:57
1269,86,322,view,2025-08-13 02:29:57
1270,61,449,view,2025-08-02 02:29:57
1271,54,160,report,2025-08-11 02:29:57
1272,59,375,view,2025-08-07 02:29:57
1273,54,184,comment,2025-08-15 02:29:57
1274,43,166,like,2025-07-25 02:29:57
1275,92,173,comment,2025-07-30 02:29:57
1276,3,175,view,2025-07-24 02:29:57
1277,24,266,comment,2025-07-17 02:29:57
1278,79,228,view,2025-08-01 02:29:57
1279,93,356,view,2025-07-25 02:29:57
1280,3,6,like,2025-08-15 02:29:57
1281,13,57,view,2025-08-13 02:29:57
1282,61,160,view,2025-07-27 02:29:57
1283,48,351,view,2025-08-07 02:29:57
1284,10,436,like,2025-08-05 02:29:57
1285,48,176,like,2025-08-01 02:29:57
1286,38,329,view,2025-07-23 02:29:57
1287,50,93,view,2025-08-13 02:29:57
1288,62,286,like,2025-08-12 02:29:57
1289,74,406,view,2025-08-02 02:29:57
1290,32,184,like,2025-07-29 02:29:57
1291,21,257,comment,2025-07-25 02:29:57
1292,9,482,view,2025-07-20 02:29:57
1293,100,315,like,2025-08-02 02:29:57
1294,19,17,view,2025-07-22 02:29:57
1295,41,364,like,2025-08-06 02:29:57
1296,6,436,view,2025-08-11 02:29:57
1297,40,487,like,2025-07-19 02:29:57
1298,22,485,view,2025-08-14 02:29:57
1299,25,480,view,2025-08-07 02:29:57
1300,69,481,view,2025-08-09 02:29:57
1301,71,448,view,2025-07-25 02:29:57
1302,82,410,view,2025-08-02 02:29:57
1303,17,22,view,2025-08-07 02:29:57
1304,53,21,comment,2025-08-05 02:29:57
1305,17,128,view,2025-08-13 02:29:57
1306,6,289,view,2025-08-08 02:29:57
1307,72,441,view,2025-07-23 02:29:57
1308,43,465,view,2025-08-02 02:29:57
1309,90,160,view,2025-07-18 02:29:57
1310,15,296,view,2025-08-12 02:29:57
1311,11,112,view,2025-08-15 02:29:57
1312,90,473,like,2025-07-23 02:29:57
1313,27,239,view,2025-07-19 02:29:57
1314,57,471,like,2025-07-28 02:29:57
1315,99,487,like,2025-08-12 02:29:57
1316,43,94,like,2025-08-09 02:29:57
1317,7,211,view,2025-08-15 02:29:57
1318,91,457,view,2025-07-29 02:29:57
1319,81,73,view,2025-07-17 02:29:57
1320,93,34,comment,2025-07-25 02:29:57
1321,81,351,like,2025-07-29 02:29:57
1322,37,392,like,2025-07-30 02:29:57
1323,85,293,view,2025-08-13 02:29:57
1324,25,330,view,2025-07-21 02:29:57
1325,89,228,view,2025-07-19 02:29:57
1326,2,136,view,2025-07-28 02:29:57
1327,29,426,view,2025-07-21 02:29:57
1328,21,258,like,2025-07-21 02:29:57
1329,13,498,like,2025-07-29 02:29:57
1330,74,104,like,2025-08-11 02:29:57
1331,19,343,view,2025-08-14 02:29:57
1332,51,65,view,2025-07-16 02:29:57
1333,67,156,view,2025-07-19 02:29:57
1334,80,487,view,2025-07-26 02:29:57
1335,33,1,view,2025-07-24 02:29:57
1336,4,316,view,2025-07-29 02:29:57
1337,44,250,view,2025-08-08 02:29:57
1338,96,26,view,2025-08-14 02:29:57
1339,52,136,view,2025-08-13 02:29:57
1340,47,195,view,2025-08-03 02:29:57
1341,13,407,view,2025-08-12 02:29:57
1342,75,229,view,2025-07-17 02:29:57
1343,59,79,like,2025-08-08 02:29:57
1344,22,3,report,2025-08-05 02:29:57
1345,80,357,view,2025-08-05 02:29:57
1346,58,41,view,2025-07-26 02:29:57
1347,74,402,view,2025-07-20 02:29:57
1348,26,346,like,2025-08-12 02:29:57
1349,39,9,comment,2025-08-15 02:29:57
1350,60,34,view,2025-08-07 02:29:57
1351,18,236,view,2025-08-05 02:29:57
1352,64,185,view,2025-07-31 02:29:57
1353,44,90,like,2025-08-13 02:29:57
1354,21,252,view,2025-08-11 02:29:57
1355,4,376,view,2025-07-26 02:29:57
1356,46,477,view,2025-08-10 02:29:57
1357,23,207,view,2025-07-26 02:29:57
1358,41,486,view,2025-08-03 02:29:57
1359,2,470,view,2025-08-04 02:29:57
1360,89,272,view,2025-07-28 02:29:57
1361,2,269,comment,2025-07-22 02:29:57
1362,19,167,view,2025-07-18 02:29:57
1363,50,118,comment,2025-07-25 02:29:57
1364,91,451,view,2025-07-23 02:29:57
1365,88,276,view,2025-07-19 02:29:57
1366,90,224,view,2025-08-10 02:29:57
1367,57,11,view,2025-07-22 02:29:57
1368,43,428,view,2025-08-08 02:29:57
1369,47,201,view,2025-08-06 02:29:57
1370,39,351,like,2025-07-19 02:29:57
1371,24,469,view,2025-08-04 02:29:57
1372,41,494,view,2025-07-21 02:29:57
1373,84,189,view,2025-07-23 02:29:57
1374,14,412,view,2025-08-05 02:29:57
1375,34,497,like,2025-08-04 02:29:57
1376,90,97,like,2025-08-11 02:29:57
1377,4,206,comment,2025-08-08 02:29:57
1378,41,463,view,2025-08-14 02:29:57
1379,65,463,view,2025-08-13 02:29:57
1380,23,365,like,2025-07-20 02:29:57
1381,2,419,like,2025-08-02 02:29:57
1382,67,128,view,2025-07-25 02:29:57
1383,56,283,view,2025-08-11 02:29:57
1384,60,196,like,2025-07-23 02:29:57
1385,9,366,like,2025-07-27 02:29:57
1386,44,102,like,2025-07-21 02:29:57
1387,26,20,view,2025-07-26 02:29:57
1388,58,431,like,2025-07-25 02:29:57
1389,9,445,view,2025-07-22 02:29:57
1390,22,244,view,2025-08-12 02:29:57
1391,18,332,view,2025-08-05 02:29:57
1392,83,264,view,2025-07-20 02:29:57
1393,4,162,view,2025-08-07 02:29:57
1394,3,213,view,2025-07-21 02:29:57
1395,24,370,view,2025-07-28 02:29:57
1396,99,432,comment,2025-07-19 02:29:57
1397,81,119,view,2025-07-27 02:29:57
1398,56,20,view,2025-08-10 02:29:57
1399,28,237,view,2025-08-14 02:29:57
1400,39,15,view,2025-07-22 02:29:57
1401,45,488,view,2025-08-12 02:29:57
1402,80,217,view,2025-07-20 02:29:57
1403,77,373,view,2025-08-04 02:29:57
1404,50,425,view,2025-08-09 02:29:57
1405,2,154,view,2025-07-25 02:29:57
1406,30,415,view,2025-07-27 02:29:57
1407,53,83,view,2025-07-21 02:29:57
1408,5,252,view,2025-07-29 02:29:57
1409,61,26,view,2025-08-13 02:29:57
1410,5,106,comment,2025-07-21 02:29:57
1411,19,283,view,2025-07-21 02:29:57
1412,93,459,comment,2025-07-28 02:29:57
1413,29,86,view,2025-08-03 02:29:57
1414,26,266,view,2025-07-24 02:29:57
1415,24,112,like,2025-08-02 02:29:57
1416,23,39,view,2025-07-22 02:29:57
1417,47,378,like,2025-07-16 02:29:57
1418,1,399,view,2025-07-27 02:29:57
1419,41,179,view,2025-08-15 02:29:57
1420,12,3,view,2025-07-31 02:29:57
1421,98,67,view,2025-08-09 02:29:57
1422,5,424,report,2025-08-01 02:29:57
1423,69,393,comment,2025-07-17 02:29:57
1424,80,357,view,2025-08-05 02:29:57
1425,10,74,view,2025-08-13 02:29:57
1426,62,84,view,2025-08-08 02:29:57
1427,69,393,view,2025-07-30 02:29:57
1428,14,187,like,2025-08-14 02:29:57
1429,33,10,view,2025-08-10 02:29:57
1430,60,219,view,2025-08-13 02:29:57
1431,96,497,view,2025-08-14 02:29:57
1432,45,203,view,2025-07-21 02:29:57
1433,47,251,view,2025-07-16 02:29:57
1434,68,384,view,2025-08-12 02:29:57
1435,27,190,view,2025-07-26 02:29:57
1436,18,403,like,2025-07-26 02:29:57
1437,70,170,view,2025-08-13 02:29:57
1438,22,122,view,2025-08-13 02:29:57
1439,7,132,like,2025-07-19 02:29:57
1440,36,241,view,2025-07-31 02:29:57
1441,37,266,view,2025-08-05 02:29:57
1442,51,196,view,2025-07-22 02:29:57
1443,16,293,comment,2025-08-06 02:29:57
1444,97,426,like,2025-08-01 02:29:57
1445,28,430,view,2025-08-06 02:29:57
1446,70,280,like,2025-08-03 02:29:57
1447,55,192,view,2025-08-06 02:29:57
1448,15,459,like,2025-08-04 02:29:57
1449,55,345,view,2025-08-11 02:29:57
1450,28,263,view,2025-07-20 02:29:57
1451,16,169,view,2025-07-19 02:29:57
1452,80,321,view,2025-07-24 02:29:57
1453,56,405,view,2025-07-21 02:29:57
1454,83,269,view,2025-07-19 02:29:57
1455,46,8,like,2025-08-03 02:29:57
1456,2,324,view,2025-07-24 02:29:57
1457,65,453,view,2025-08-08 02:29:57
1458,27,379,view,2025-08-03 02:29:57
1459,55,404,view,2025-08-15 02:29:57
1460,97,106,view,2025-08-03 02:29:57
1461,93,437,view,2025-08-15 02:29:57
1462,21,374,view,2025-07-28 02:29:57
1463,54,172,view,2025-08-15 02:29:57
1464,41,447,view,2025-08-08 02:29:57
1465,39,363,view,2025-08-09 02:29:57
1466,13,305,like,2025-08-14 02:29:57
1467,3,108,view,2025-07-31 02:29:57
1468,89,279,like,2025-08-08 02:29:57
1469,84,377,view,2025-08-15 02:29:57
1470,74,496,view,2025-08-04 02:29:57
1471,42,328,view,2025-07-31 02:29:57
1472,79,56,view,2025-07-21 02:29:57
1473,2,108,view,2025-08-08 02:29:57
1474,21,412,view,2025-08-08 02:29:57
1475,71,230,view,2025-07-29 02:29:57
1476,10,117,view,2025-08-05 02:29:57
1477,97,481,like,2025-08-11 02:29:57
1478,33,310,view,2025-08-07 02:29:57
1479,58,482,view,2025-08-11 02:29:57
1480,84,15,view,2025-08-02 02:29:57
1481,65,68,view,2025-07-25 02:29:57
1482,58,122,view,2025-08-05 02:29:57
1483,61,155,view,2025-08-15 02:29:57
1484,52,481,view,2025-08-01 02:29:57
1485,13,390,view,2025-07-22 02:29:57
1486,45,362,view,2025-07-19 02:29:57
1487,69,206,view,2025-08-12 02:29:57
1488,27,458,view,2025-08-05 02:29:57
1489,7,133,view,2025-07-30 02:29:57
1490,9,483,view,2025-07-29 02:29:57
1491,100,230,view,2025-08-07 02:29:57
1492,28,383,view,2025-07-31 02:29:57
1493,77,228,view,2025-07-28 02:29:57
1494,43,94,view,2025-07-27 02:29:57
1495,55,96,view,2025-08-15 02:29:57
1496,63,49,view,2025-08-11 02:29:57
1497,11,492,like,2025-07-25 02:29:57
1498,19,478,view,2025-08-09 02:29:57
1499,62,112,view,2025-08-09 02:29:57
1500,90,490,view,2025-08-15 02:29:57
1501,12,49,like,2025-07-20 02:29:57
1502,75,10,view,2025-08-04 02:29:57
1503,14,200,view,2025-07-20 02:29:57
1504,30,9,view,2025-07-23 02:29:57
1505,72,125,view,2025-07-20 02:29:57
1506,29,435,view,2025-08-09 02:29:57
1507,66,24,view,2025-07-16 02:29:57
1508,59,480,like,2025-08-12 02:29:57
1509,89,396,report,2025-07-24 02:29:57
1510,94,394,view,2025-08-05 02:29:57
1511,35,258,view,2025-07-30 02:29:57
1512,99,260,view,2025-08-13 02:29:57
1513,54,131,view,2025-08-02 02:29:57
1514,85,363,view,2025-07-25 02:29:57
1515,96,162,like,2025-07-26 02:29:57
1516,90,58,view,2025-07-19 02:29:57
1517,64,448,view,2025-07-28 02:29:57
1518,100,263,view,2025-07-17 02:29:57
1519,81,308,view,2025-07-21 02:29:57
1520,53,446,view,2025-07-16 02:29:57
1521,74,186,view,2025-08-11 02:29:57
1522,47,136,view,2025-07-21 02:29:57
1523,93,141,comment,2025-07-20 02:29:57
1524,62,360,view,2025-08-13 02:29:57
1525,52,136,view,2025-08-10 02:29:57
1526,35,48,like,2025-07-27 02:29:57
1527,4,347,view,2025-08-07 02:29:57
1528,79,321,like,2025-07-29 02:29:57
1529,50,182,view,2025-07-31 02:29:57
1530,50,232,view,2025-08-01 02:29:57
1531,15,489,view,2025-08-01 02:29:57
1532,35,253,view,2025-07-26 02:29:57
1533,96,329,like,2025-07-29 02:29:57
1534,1,277,view,2025-07-28 02:29:57
1535,11,448,view,2025-07-16 02:29:57
1536,95,233,comment,2025-08-01 02:29:57
1537,14,372,view,2025-08-08 02:29:57
1538,23,302,view,2025-08-01 02:29:57
1539,40,46,view,2025-07-29 02:29:57
1540,27,31,view,2025-08-15 02:29:57
1541,84,384,view,2025-08-05 02:29:57
1542,64,136,view,2025-07-25 02:29:57
1543,60,133,view,2025-08-14 02:29:57
1544,49,486,view,2025-07-18 02:29:57
1545,52,110,view,2025-08-12 02:29:57
1546,80,289,like,2025-07-25 02:29:57
1547,37,187,report,2025-08-06 02:29:57
1548,48,419,view,2025-07-21 02:29:57
1549,42,336,view,2025-08-08 02:29:57
1550,27,375,like,2025-08-04 02:29:57
1551,84,204,view,2025-08-10 02:29:57
1552,13,244,view,2025-08-07 02:29:57
1553,76,488,like,2025-07-25 02:29:57
1554,82,173,view,2025-07-18 02:29:57
1555,17,222,view,2025-07-31 02:29:57
1556,13,297,view,2025-08-03 02:29:57
1557,12,408,view,2025-08-06 02:29:57
1558,93,34,view,2025-08-08 02:29:57
1559,25,262,view,2025-08-11 02:29:57
1560,23,176,view,2025-08-09 02:29:57
1561,97,213,comment,2025-08-05 02:29:57
1562,52,337,view,2025-07-26 02:29:57
1563,71,339,like,2025-07-24 02:29:57
1564,58,405,like,2025-08-04 02:29:57
1565,66,420,view,2025-08-09 02:29:57
1566,92,465,view,2025-08-09 02:29:57
1567,17,306,view,2025-07-27 02:29:57
1568,18,202,view,2025-07-17 02:29:57
1569,80,159,view,2025-08-02 02:29:57
1570,61,36,view,2025-08-05 02:29:57
1571,33,204,view,2025-08-14 02:29:57
1572,49,365,view,2025-08-09 02:29:57
1573,53,59,like,2025-07-19 02:29:57
1574,82,37,view,2025-08-14 02:29:57
1575,36,229,view,2025-07-31 02:29:57
1576,82,412,like,2025-07-25 02:29:57
1577,47,120,like,2025-08-15 02:29:57
1578,68,346,like,2025-08-07 02:29:57
1579,2,147,view,2025-08-10 02:29:57
1580,91,206,like,2025-08-03 02:29:57
1581,74,498,view,2025-07-24 02:29:57
1582,17,181,comment,2025-07-19 02:29:57
1583,91,145,view,2025-07-19 02:29:57
1584,20,135,view,2025-07-24 02:29:57
1585,70,17,view,2025-08-03 02:29:57
1586,69,472,view,2025-07-27 02:29:57
1587,86,267,view,2025-07-30 02:29:57
1588,69,157,view,2025-07-30 02:29:57
1589,33,353,view,2025-07-25 02:29:57
1590,100,369,comment,2025-07-16 02:29:57
1591,39,434,view,2025-07-17 02:29:57
1592,72,116,view,2025-07-29 02:29:57
1593,83,79,view,2025-07-22 02:29:57
1594,60,493,comment,2025-07-25 02:29:57
1595,47,44,view,2025-07-23 02:29:57
1596,88,39,view,2025-07-27 02:29:57
1597,59,387,view,2025-08-07 02:29:57
1598,97,471,like,2025-07-19 02:29:57
1599,9,250,view,2025-07-22 02:29:57
1600,54,338,comment,2025-08-11 02:29:57
1601,50,18,like,2025-08-11 02:29:57
1602,65,95,report,2025-08-02 02:29:57
1603,9,381,view,2025-08-05 02:29:57
1604,45,277,view,2025-08-06 02:29:57
1605,17,379,comment,2025-07-16 02:29:57
1606,100,208,like,2025-08-11 02:29:57
1607,7,250,view,2025-08-07 02:29:57
1608,14,176,like,2025-08-01 02:29:57
1609,74,189,report,2025-08-07 02:29:57
1610,27,110,like,2025-07-16 02:29:57
1611,10,382,view,2025-08-14 02:29:57
1612,17,126,view,2025-07-19 02:29:57
1613,38,128,comment,2025-07-26 02:29:57
1614,12,118,view,2025-08-06 02:29:57
1615,55,371,comment,2025-08-15 02:29:57
1616,39,253,view,2025-07-26 02:29:57
1617,22,22,comment,2025-08-13 02:29:57
1618,23,299,view,2025-07-20 02:29:57
1619,13,390,comment,2025-07-21 02:29:57
1620,88,217,like,2025-08-02 02:29:57
1621,2,457,comment,2025-07-20 02:29:57
1622,28,477,view,2025-07-24 02:29:57
1623,88,124,view,2025-08-05 02:29:57
1624,37,21,view,2025-07-20 02:29:57
1625,46,349,like,2025-07-16 02:29:57
1626,98,50,view,2025-08-13 02:29:57
1627,1,390,view,2025-07-27 02:29:57
1628,26,205,like,2025-07-24 02:29:57
1629,49,445,view,2025-08-02 02:29:57
1630,64,63,report,2025-08-02 02:29:57
1631,49,463,view,2025-08-01 02:29:57
1632,79,335,view,2025-08-05 02:29:57
1633,84,362,view,2025-07-27 02:29:57
1634,65,269,view,2025-08-05 02:29:57
1635,69,308,view,2025-08-13 02:29:57
1636,98,470,view,2025-08-10 02:29:57
1637,100,386,view,2025-07-29 02:29:57
1638,3,343,view,2025-08-07 02:29:57
1639,46,376,view,2025-08-07 02:29:57
1640,1,410,like,2025-08-03 02:29:57
1641,90,202,view,2025-08-04 02:29:57
1642,19,96,like,2025-07-19 02:29:57
1643,29,106,view,2025-08-15 02:29:57
1644,90,247,view,2025-07-21 02:29:57
1645,74,168,comment,2025-08-05 02:29:57
1646,9,244,view,2025-08-03 02:29:57
1647,79,398,view,2025-07-20 02:29:57
1648,40,269,like,2025-08-01 02:29:57
1649,33,389,view,2025-07-24 02:29:57
1650,98,215,like,2025-08-03 02:29:57
1651,25,469,view,2025-08-08 02:29:57
1652,87,178,view,2025-07-16 02:29:57
1653,75,256,comment,2025-08-09 02:29:57
1654,11,113,view,2025-07-27 02:29:57
1655,89,204,view,2025-08-08 02:29:57
1656,64,357,view,2025-08-08 02:29:57
1657,66,50,view,2025-08-14 02:29:57
1658,35,338,view,2025-07-29 02:29:57
1659,68,198,like,2025-07-29 02:29:57
1660,94,129,report,2025-08-07 02:29:57
1661,85,388,like,2025-08-04 02:29:57
1662,70,348,like,2025-07-31 02:29:57
1663,57,235,view,2025-07-27 02:29:57
1664,44,257,view,2025-08-10 02:29:57
1665,12,498,view,2025-07-28 02:29:57
1666,98,410,view,2025-08-14 02:29:57
1667,46,167,view,2025-07-26 02:29:57
1668,25,425,view,2025-07-16 02:29:57
1669,44,416,view,2025-08-11 02:29:57
1670,25,363,view,2025-07-31 02:29:57
1671,53,187,view,2025-07-17 02:29:57
1672,46,66,like,2025-08-10 02:29:57
1673,77,22,view,2025-08-07 02:29:57
1674,29,84,like,2025-08-13 02:29:57
1675,38,156,like,2025-08-05 02:29:57
1676,34,23,view,2025-07-17 02:29:57
1677,85,211,like,2025-08-08 02:29:57
1678,45,414,view,2025-07-24 02:29:57
1679,54,479,report,2025-08-06 02:29:57
1680,39,249,view,2025-08-01 02:29:57
1681,49,497,view,2025-07-24 02:29:57
1682,21,106,view,2025-07-23 02:29:57
1683,34,99,view,2025-07-26 02:29:57
1684,96,221,comment,2025-08-02 02:29:57
1685,10,8,like,2025-08-01 02:29:57
1686,95,20,view,2025-07-27 02:29:57
1687,83,490,view,2025-08-14 02:29:57
1688,44,475,view,2025-07-22 02:29:57
1689,35,63,view,2025-07-24 02:29:57
1690,45,442,like,2025-08-09 02:29:57
1691,19,320,view,2025-08-15 02:29:57
1692,74,69,view,2025-08-12 02:29:57
1693,98,476,view,2025-07-17 02:29:57
1694,43,2,view,2025-07-20 02:29:57
1695,46,219,view,2025-08-04 02:29:57
1696,44,407,comment,2025-08-06 02:29:57
1697,35,372,view,2025-08-08 02:29:57
1698,36,353,comment,2025-08-14 02:29:57
1699,43,255,comment,2025-07-22 02:29:57
1700,14,179,view,2025-07-25 02:29:57
1701,73,416,view,2025-08-14 02:29:57
1702,30,484,view,2025-07-21 02:29:57
1703,24,2,view,2025-08-15 02:29:57
1704,83,323,view,2025-08-14 02:29:57
1705,80,283,view,2025-08-15 02:29:57
1706,70,466,like,2025-07-26 02:29:57
1707,6,292,view,2025-08-07 02:29:57
1708,68,41,view,2025-07-20 02:29:57
1709,83,341,view,2025-07-25 02:29:57
1710,75,311,view,2025-08-02 02:29:57
1711,83,238,comment,2025-08-09 02:29:57
1712,53,38,view,2025-08-11 02:29:57
1713,61,312,view,2025-07-31 02:29:57
1714,46,234,view,2025-08-06 02:29:57
1715,99,112,view,2025-08-11 02:29:57
1716,84,305,comment,2025-08-01 02:29:57
1717,70,336,view,2025-07-19 02:29:57
1718,76,312,view,2025-07-29 02:29:57
1719,97,165,view,2025-07-29 02:29:57
1720,42,98,view,2025-08-12 02:29:57
1721,53,371,view,2025-07-19 02:29:57
1722,92,55,view,2025-07-28 02:29:57
1723,14,227,view,2025-07-21 02:29:57
1724,63,431,comment,2025-08-07 02:29:57
1725,4,10,view,2025-08-11 02:29:57
1726,16,122,view,2025-07-22 02:29:57
1727,46,95,like,2025-07-19 02:29:57
1728,34,138,view,2025-07-27 02:29:57
1729,45,253,like,2025-07-19 02:29:57
1730,85,75,view,2025-07-18 02:29:57
1731,65,243,view,2025-08-11 02:29:57
1732,39,274,view,2025-08-05 02:29:57
1733,61,495,comment,2025-07-19 02:29:57
1734,56,221,view,2025-07-17 02:29:57
1735,46,266,comment,2025-07-21 02:29:57
1736,17,117,view,2025-07-18 02:29:57
1737,1,161,view,2025-08-12 02:29:57
1738,23,324,view,2025-08-05 02:29:57
1739,75,425,view,2025-07-26 02:29:57
1740,82,120,view,2025-08-14 02:29:57
1741,77,76,view,2025-08-15 02:29:57
1742,68,298,view,2025-07-24 02:29:57
1743,22,127,view,2025-08-05 02:29:57
1744,15,267,view,2025-07-30 02:29:57
1745,22,306,view,2025-08-09 02:29:57
1746,35,114,view,2025-08-10 02:29:57
1747,44,472,view,2025-08-02 02:29:57
1748,27,112,view,2025-08-13 02:29:57
1749,53,217,view,2025-07-28 02:29:57
1750,87,475,view,2025-07-20 02:29:57
1751,92,345,like,2025-07-23 02:29:57
1752,36,327,view,2025-08-08 02:29:57
1753,5,464,view,2025-07-17 02:29:57
1754,53,365,view,2025-08-12 02:29:57
1755,51,85,view,2025-07-22 02:29:57
1756,17,13,like,2025-08-07 02:29:57
1757,61,129,view,2025-08-03 02:29:57
1758,97,147,view,2025-07-28 02:29:57
1759,100,107,like,2025-07-22 02:29:57
1760,86,146,view,2025-07-25 02:29:57
1761,70,395,report,2025-07-28 02:29:57
1762,67,343,comment,2025-07-27 02:29:57
1763,93,138,like,2025-08-01 02:29:57
1764,98,323,view,2025-07-31 02:29:57
1765,32,169,view,2025-07-22 02:29:57
1766,40,419,view,2025-07-30 02:29:57
1767,54,197,view,2025-08-02 02:29:57
1768,42,383,comment,2025-07-23 02:29:57
1769,61,277,view,2025-08-15 02:29:57
1770,94,50,like,2025-08-12 02:29:57
1771,37,115,report,2025-07-18 02:29:57
1772,69,262,view,2025-08-03 02:29:57
1773,84,223,view,2025-08-12 02:29:57
1774,58,92,view,2025-07-27 02:29:57
1775,5,144,comment,2025-07-25 02:29:57
1776,78,147,like,2025-07-21 02:29:57
1777,12,267,like,2025-07-30 02:29:57
1778,25,388,view,2025-07-19 02:29:57
1779,53,71,view,2025-07-29 02:29:57
1780,55,242,view,2025-08-07 02:29:57
1781,41,482,like,2025-08-09 02:29:57
1782,19,117,like,2025-07-30 02:29:57
1783,55,117,view,2025-08-03 02:29:57
1784,83,138,report,2025-08-15 02:29:57
1785,17,295,like,2025-08-07 02:29:57
1786,27,484,like,2025-08-13 02:29:57
1787,44,380,view,2025-07-24 02:29:57
1788,92,489,view,2025-07-19 02:29:57
1789,85,71,like,2025-07-17 02:29:57
1790,58,16,comment,2025-07-16 02:29:57
1791,6,25,comment,2025-08-05 02:29:57
1792,80,418,like,2025-07-21 02:29:57
1793,44,92,view,2025-08-04 02:29:57
1794,29,24,report,2025-08-15 02:29:57
1795,70,116,view,2025-07-29 02:29:57
1796,53,42,view,2025-08-06 02:29:57
1797,71,308,view,2025-07-27 02:29:57
1798,48,170,view,2025-07-22 02:29:57
1799,43,397,view,2025-08-10 02:29:57
1800,79,204,comment,2025-07-28 02:29:57
1801,17,297,view,2025-07-24 02:29:57
1802,45,400,view,2025-07-22 02:29:57
1803,56,250,like,2025-08-06 02:29:57
1804,33,111,view,2025-08-05 02:29:57
1805,56,65,like,2025-07-20 02:29:57
1806,11,72,view,2025-08-07 02:29:57
1807,36,370,like,2025-07-25 02:29:57
1808,84,185,view,2025-08-04 02:29:57
1809,99,144,view,2025-07-17 02:29:57
1810,33,374,view,2025-07-24 02:29:57
1811,24,38,view,2025-07-28 02:29:57
1812,63,190,view,2025-08-15 02:29:57
1813,70,471,like,2025-08-02 02:29:57
1814,37,376,like,2025-08-07 02:29:57
1815,33,57,view,2025-07-22 02:29:57
1816,19,217,view,2025-07-28 02:29:57
1817,89,110,view,2025-07-31 02:29:57
1818,1,86,view,2025-07-23 02:29:57
1819,22,307,comment,2025-08-06 02:29:57
1820,15,164,like,2025-07-27 02:29:57
1821,75,366,report,2025-08-11 02:29:57
1822,70,236,view,2025-07-26 02:29:57
1823,63,446,view,2025-07-26 02:29:57
1824,11,411,view,2025-08-09 02:29:57
1825,46,370,view,2025-08-12 02:29:57
1826,71,245,view,2025-07-28 02:29:57
1827,43,342,view,2025-07-17 02:29:57
1828,77,263,view,2025-07-24 02:29:57
1829,40,220,view,2025-08-07 02:29:57
1830,13,398,view,2025-08-04 02:29:57
1831,68,241,view,2025-08-15 02:29:57
1832,80,455,comment,2025-08-02 02:29:57
1833,13,342,view,2025-07-25 02:29:57
1834,48,441,view,2025-07-24 02:29:57
1835,81,264,report,2025-07-24 02:29:57
1836,49,117,view,2025-08-14 02:29:57
1837,34,456,view,2025-07-23 02:29:57
1838,76,203,like,2025-07-25 02:29:57
1839,48,336,like,2025-08-09 02:29:57
1840,75,408,view,2025-08-08 02:29:57
1841,14,190,view,2025-07-19 02:29:57
1842,83,394,view,2025-07-23 02:29:57
1843,16,138,view,2025-07-26 02:29:57
1844,80,261,comment,2025-07-20 02:29:57
1845,3,358,view,2025-07-28 02:29:57
1846,31,428,like,2025-07-24 02:29:57
1847,16,342,view,2025-07-16 02:29:57
1848,28,498,report,2025-08-04 02:29:57
1849,98,254,view,2025-07-18 02:29:57
1850,63,287,view,2025-08-08 02:29:57
1851,38,181,view,2025-07-19 02:29:57
1852,95,44,like,2025-08-11 02:29:57
1853,27,15,comment,2025-08-11 02:29:57
1854,11,19,view,2025-08-10 02:29:57
1855,4,234,view,2025-07-18 02:29:57
1856,36,77,view,2025-08-02 02:29:57
1857,20,28,like,2025-08-08 02:29:57
1858,90,284,view,2025-08-07 02:29:57
1859,83,336,view,2025-07-27 02:29:57
1860,32,460,like,2025-07-28 02:29:57
1861,74,5,view,2025-07-30 02:29:57
1862,51,351,view,2025-07-27 02:29:57
1863,73,312,comment,2025-08-14 02:29:57
1864,35,248,view,2025-08-12 02:29:57
1865,11,9,view,2025-07-25 02:29:57
1866,84,51,like,2025-08-02 02:29:57
1867,86,172,comment,2025-07-26 02:29:57
1868,76,337,view,2025-08-05 02:29:57
1869,37,185,view,2025-07-27 02:29:57
1870,85,477,view,2025-07-27 02:29:57
1871,82,130,like,2025-07-22 02:29:57
1872,37,36,view,2025-08-12 02:29:57
1873,84,264,view,2025-07-19 02:29:57
1874,48,350,comment,2025-08-11 02:29:57
1875,80,94,comment,2025-07-19 02:29:57
1876,31,109,comment,2025-07-27 02:29:57
1877,39,329,like,2025-08-14 02:29:57
1878,58,440,view,2025-08-10 02:29:57
1879,87,39,view,2025-07-16 02:29:57
1880,8,296,view,2025-07-31 02:29:57
1881,31,393,view,2025-07-28 02:29:57
1882,41,304,view,2025-07-18 02:29:57
1883,56,356,view,2025-07-20 02:29:57
1884,72,2,view,2025-07-29 02:29:57
1885,37,369,view,2025-08-06 02:29:57
1886,79,33,view,2025-07-19 02:29:57
1887,88,197,view,2025-08-03 02:29:57
1888,3,351,view,2025-07-31 02:29:57
1889,78,189,like,2025-08-06 02:29:57
1890,3,190,view,2025-07-17 02:29:57
1891,22,465,like,2025-07-23 02:29:57
1892,77,351,view,2025-08-15 02:29:57
1893,83,222,view,2025-07-18 02:29:57
1894,77,365,comment,2025-08-13 02:29:57
1895,48,91,like,2025-07-18 02:29:57
1896,45,114,comment,2025-07-21 02:29:57
1897,50,266,view,2025-07-30 02:29:57
1898,68,344,like,2025-08-07 02:29:57
1899,55,104,like,2025-07-18 02:29:57
1900,7,237,view,2025-08-05 02:29:57
1901,36,46,view,2025-07-24 02:29:57
1902,91,141,view,2025-07-19 02:29:57
1903,43,170,like,2025-07-20 02:29:57
1904,52,133,view,2025-07-26 02:29:57
1905,39,247,view,2025-07-21 02:29:57
1906,35,36,view,2025-08-10 02:29:57
1907,84,325,comment,2025-07-26 02:29:57
1908,26,198,comment,2025-07-22 02:29:57
1909,74,82,report,2025-08-09 02:29:57
1910,96,320,view,2025-07-24 02:29:57
1911,21,10,view,2025-07-21 02:29:57
1912,51,75,view,2025-07-19 02:29:57
1913,56,136,like,2025-07-20 02:29:57
1914,17,278,view,2025-08-04 02:29:57
1915,5,123,like,2025-08-15 02:29:57
1916,41,298,report,2025-08-09 02:29:57
1917,64,348,like,2025-08-01 02:29:57
1918,29,496,view,2025-07-22 02:29:57
1919,91,65,view,2025-07-28 02:29:57
1920,45,345,comment,2025-08-06 02:29:57
1921,25,408,view,2025-08-05 02:29:57
1922,10,53,view,2025-07-19 02:29:57
1923,75,446,view,2025-07-25 02:29:57
1924,49,493,like,2025-08-06 02:29:57
1925,82,441,view,2025-08-06 02:29:57
1926,23,121,view,2025-07-27 02:29:57
1927,69,376,view,2025-08-08 02:29:57
1928,98,454,view,2025-07-27 02:29:57
1929,60,469,view,2025-08-07 02:29:57
1930,47,119,view,2025-08-03 02:29:57
1931,88,453,view,2025-07-18 02:29:57
1932,54,438,view,2025-08-02 02:29:57
1933,23,84,view,2025-07-16 02:29:57
1934,18,123,comment,2025-07-28 02:29:57
1935,4,254,view,2025-08-15 02:29:57
1936,52,369,like,2025-08-15 02:29:57
1937,74,263,view,2025-07-30 02:29:57
1938,17,107,view,2025-07-18 02:29:57
1939,93,427,view,2025-07-27 02:29:57
1940,8,217,like,2025-07-26 02:29:57
1941,27,289,view,2025-07-23 02:29:57
1942,80,445,comment,2025-07-21 02:29:57
1943,53,239,view,2025-08-05 02:29:57
1944,13,118,view,2025-07-18 02:29:57
1945,72,153,view,2025-08-08 02:29:57
1946,58,138,view,2025-08-06 02:29:57
1947,80,436,view,2025-07-24 02:29:57
1948,57,123,view,2025-07-31 02:29:57
1949,83,136,like,2025-08-15 02:29:57
1950,17,142,view,2025-08-06 02:29:57
1951,23,117,view,2025-07-21 02:29:57
1952,84,411,view,2025-08-09 02:29:57
1953,10,307,view,2025-08-10 02:29:57
1954,68,187,view,2025-07-24 02:29:57
1955,42,214,view,2025-07-28 02:29:57
1956,87,294,view,2025-07-30 02:29:57
1957,20,230,like,2025-08-01 02:29:57
1958,14,32,like,2025-08-05 02:29:57
1959,48,5,view,2025-08-12 02:29:57
1960,51,124,like,2025-07-17 02:29:57
1961,100,146,comment,2025-07-21 02:29:57
1962,53,265,view,2025-08-03 02:29:57
1963,56,180,view,2025-08-08 02:29:57
1964,94,2,view,2025-07-16 02:29:57
1965,1,205,view,2025-07-27 02:29:57
1966,73,375,view,2025-08-13 02:29:57
1967,95,442,view,2025-08-08 02:29:57
1968,90,464,like,2025-08-10 02:29:57
1969,86,488,view,2025-07-31 02:29:57
1970,1,80,view,2025-07-25 02:29:57
1971,92,431,view,2025-08-01 02:29:57
1972,59,365,view,2025-08-10 02:29:57
1973,32,339,view,2025-08-13 02:29:57
1974,93,445,view,2025-08-14 02:29:57
1975,15,238,view,2025-07-30 02:29:57
1976,40,357,view,2025-08-10 02:29:57
1977,35,241,comment,2025-08-04 02:29:57
1978,39,14,like,2025-08-02 02:29:57
1979,72,120,view,2025-07-27 02:29:57
1980,72,344,like,2025-07-20 02:29:57
1981,10,199,view,2025-07-25 02:29:57
1982,67,187,view,2025-08-10 02:29:57
1983,77,12,view,2025-07-20 02:29:57
1984,36,282,comment,2025-07-31 02:29:57
1985,42,468,view,2025-08-11 02:29:57
1986,91,434,view,2025-07-28 02:29:57
1987,34,167,view,2025-08-10 02:29:57
1988,44,77,view,2025-08-01 02:29:57
1989,39,419,view,2025-08-14 02:29:57
1990,21,384,view,2025-08-13 02:29:57
1991,52,135,view,2025-08-10 02:29:57
1992,86,277,view,2025-07-23 02:29:57
1993,82,314,view,2025-07-25 02:29:57
1994,100,338,view,2025-07-27 02:29:57
1995,64,61,like,2025-08-06 02:29:57
1996,53,308,view,2025-08-02 02:29:57
1997,72,423,view,2025-07-30 02:29:57
1998,37,447,view,2025-08-15 02:29:57
1999,64,425,report,2025-07-29 02:29:57
2000,28,96,view,2025-08-03 02:29:57
